age,anciennete_mois,montant_mensuel,nombre_services,appels_support,score_satisfaction,type_contrat,contrat_mensuel,contrat_un_an,contrat_deux_ans,churn
56,62,84.89963337584707,4,3,8,mensuel,1,0,0,0
69,58,61.74947743740201,2,1,8,mensuel,1,0,0,0
46,67,87.13980825957006,5,1,7,deux_ans,0,0,1,0
32,56,46.85479906477755,4,1,8,mensuel,1,0,0,0
60,40,43.323783000263276,2,1,2,mensuel,1,0,0,0
25,40,101.26682410491098,2,2,3,mensuel,1,0,0,0
38,33,76.82217227077086,4,0,9,un_an,0,1,0,0
56,6,92.93696403626656,4,2,1,mensuel,1,0,0,1
36,19,47.921205832246144,2,4,8,deux_ans,0,0,1,0
40,40,46.529492164625395,2,0,8,mensuel,1,0,0,0
28,59,57.827813610849155,2,2,7,mensuel,1,0,0,1
28,59,48.518823169219765,4,1,5,un_an,0,1,0,0
41,48,79.10730420456902,2,2,4,mensuel,1,0,0,0
70,41,49.97747886147109,1,1,10,un_an,0,1,0,0
53,13,41.56660283865419,4,2,10,mensuel,1,0,0,0
57,45,67.84030824510465,1,2,10,mensuel,1,0,0,0
41,53,39.200276483495735,3,0,10,mensuel,1,0,0,0
20,42,29.010721370492213,4,3,6,deux_ans,0,0,1,0
39,63,67.66514467722556,3,0,1,un_an,0,1,0,0
70,27,30.015599139795796,2,3,5,un_an,0,1,0,0
19,38,80.50558792590846,2,2,4,mensuel,1,0,0,0
41,60,37.09332547494408,5,1,4,un_an,0,1,0,0
61,7,20.186524271605045,2,5,7,mensuel,1,0,0,0
47,5,59.124066997184116,3,0,9,deux_ans,0,0,1,0
55,45,67.89189006592969,2,1,8,un_an,0,1,0,0
19,58,74.82950127363881,4,1,8,un_an,0,1,0,0
38,31,68.44031398031707,2,0,5,mensuel,1,0,0,0
50,23,43.81374757764515,5,1,6,mensuel,1,0,0,0
29,42,79.26122361853209,2,1,2,mensuel,1,0,0,0
39,10,84.20277012959492,3,1,3,deux_ans,0,0,1,0
61,32,40.88475743088922,3,2,5,mensuel,1,0,0,0
42,53,61.37987722680772,2,2,2,mensuel,1,0,0,0
66,30,59.51119945781961,3,1,3,mensuel,1,0,0,0
44,39,69.40763165576068,3,1,4,mensuel,1,0,0,0
59,31,60.901524164517824,5,2,6,mensuel,1,0,0,0
45,2,63.64244455854047,4,0,5,deux_ans,0,0,1,0
33,12,77.83631060483381,5,0,10,un_an,0,1,0,0
32,39,42.72293800797733,1,2,4,deux_ans,0,0,1,1
64,66,79.74746270521648,5,1,2,un_an,0,1,0,0
68,13,87.82265463062501,2,1,5,mensuel,1,0,0,0
61,46,97.68269986977737,4,1,5,mensuel,1,0,0,0
72,27,22.13265351725282,2,0,7,mensuel,1,0,0,0
69,17,61.34196685769564,1,0,1,deux_ans,0,0,1,0
74,60,25.69798851292822,4,2,4,mensuel,1,0,0,0
20,64,20.0,3,0,5,mensuel,1,0,0,0
54,35,67.88186095214957,5,0,8,mensuel,1,0,0,0
68,70,57.01696414299277,2,1,8,mensuel,1,0,0,0
24,30,70.99701903541492,1,3,1,mensuel,1,0,0,0
38,71,74.72255380174632,3,0,5,mensuel,1,0,0,0
26,63,89.95791916215842,5,3,10,un_an,0,1,0,0
56,28,66.0784085061156,3,3,1,un_an,0,1,0,0
35,60,123.46711234638175,5,2,1,mensuel,1,0,0,1
21,37,71.12819709970425,4,1,2,mensuel,1,0,0,0
42,22,101.84958089134423,3,1,2,deux_ans,0,0,1,0
31,68,20.0,3,2,9,mensuel,1,0,0,0
67,20,91.9947905910125,3,1,4,deux_ans,0,0,1,0
26,68,61.384790204088794,4,3,3,mensuel,1,0,0,0
43,64,26.03305481145457,1,1,1,un_an,0,1,0,0
70,17,73.41090218456239,5,1,2,un_an,0,1,0,0
19,12,58.94088924031365,3,1,6,un_an,0,1,0,0
37,22,76.60106496896285,4,3,9,deux_ans,0,0,1,0
45,17,85.22152915102157,1,2,5,mensuel,1,0,0,1
64,10,35.21699766476808,5,0,4,mensuel,1,0,0,0
24,65,85.29837964910315,4,3,5,mensuel,1,0,0,0
61,22,65.12958968441433,5,2,9,un_an,0,1,0,0
25,50,92.05682349386545,3,2,7,mensuel,1,0,0,0
64,14,60.897035420042634,1,3,8,un_an,0,1,0,1
52,64,55.59182214937158,4,2,4,mensuel,1,0,0,0
31,47,65.54108081377903,1,1,8,mensuel,1,0,0,0
34,29,67.03721412759707,3,3,6,un_an,0,1,0,0
53,36,51.74430397016529,1,3,5,mensuel,1,0,0,0
67,52,55.073905380894324,1,1,7,mensuel,1,0,0,0
57,7,40.46248930972421,2,3,6,mensuel,1,0,0,1
21,29,56.30709820419611,1,2,3,mensuel,1,0,0,0
19,11,78.52620119995157,5,2,5,un_an,0,1,0,0
23,33,62.25291652187712,4,2,9,un_an,0,1,0,0
71,6,85.18130592094657,2,2,7,mensuel,1,0,0,0
59,32,61.29141064693852,4,4,4,mensuel,1,0,0,0
21,51,36.369640045533714,4,1,7,mensuel,1,0,0,1
71,58,76.94549775113165,3,1,5,mensuel,1,0,0,0
46,26,51.52753717933195,3,1,2,deux_ans,0,0,1,0
35,46,60.33265422472931,2,2,6,deux_ans,0,0,1,0
43,29,89.75144094968235,3,0,7,mensuel,1,0,0,0
61,4,41.782590805569725,3,1,8,mensuel,1,0,0,0
51,13,68.2948757492877,3,0,6,deux_ans,0,0,1,0
27,39,64.18963299928416,4,4,8,mensuel,1,0,0,0
53,15,79.01851430874206,2,2,7,mensuel,1,0,0,0
31,29,82.10306730964045,4,4,2,un_an,0,1,0,0
48,29,70.27678008497784,5,2,6,mensuel,1,0,0,0
65,32,57.792507068392005,4,1,9,mensuel,1,0,0,0
32,2,74.4674500805192,5,1,6,deux_ans,0,0,1,0
25,47,91.71311794289124,1,3,4,un_an,0,1,0,0
31,22,64.45420120720598,1,3,7,mensuel,1,0,0,1
40,27,59.65487771153947,5,1,3,mensuel,1,0,0,0
74,67,72.7634051533598,5,0,5,mensuel,1,0,0,0
57,56,65.77454040739224,4,2,1,un_an,0,1,0,0
38,21,38.245811521644015,5,3,10,mensuel,1,0,0,1
33,47,69.78661600794963,2,2,3,mensuel,1,0,0,0
62,59,38.06475182472472,1,0,8,deux_ans,0,0,1,0
35,6,72.48961292816891,1,0,9,mensuel,1,0,0,0
64,19,49.057145511868654,5,2,9,mensuel,1,0,0,0
70,57,65.73749608372692,3,0,10,mensuel,1,0,0,0
41,69,72.81187812398473,3,1,2,mensuel,1,0,0,0
43,3,114.07806691887143,5,1,4,mensuel,1,0,0,1
42,1,79.85499923573849,2,0,5,deux_ans,0,0,1,0
62,58,92.2959761948467,3,1,3,deux_ans,0,0,1,0
58,38,102.43495637387849,5,1,1,mensuel,1,0,0,0
46,15,74.78511833998888,2,2,6,mensuel,1,0,0,1
32,34,70.71379600534398,2,2,10,un_an,0,1,0,0
62,61,43.66557782347569,4,0,2,mensuel,1,0,0,0
18,35,62.66740135199211,2,3,9,mensuel,1,0,0,1
42,64,50.53824540728275,3,0,1,deux_ans,0,0,1,0
24,25,56.978822997512275,3,1,9,mensuel,1,0,0,0
26,24,102.41326752384937,5,2,7,mensuel,1,0,0,0
41,12,67.2924301839998,5,3,10,mensuel,1,0,0,1
18,18,47.48200844567783,2,0,2,mensuel,1,0,0,0
61,15,92.49066909382609,1,1,6,mensuel,1,0,0,1
25,27,84.10550952474898,4,1,8,mensuel,1,0,0,1
41,60,85.15306985200793,1,1,2,mensuel,1,0,0,1
28,46,24.87739593795211,2,1,5,un_an,0,1,0,0
68,17,103.9734191544297,2,1,6,mensuel,1,0,0,1
34,53,53.82970515812225,1,1,3,mensuel,1,0,0,1
25,8,80.5590954558551,4,3,2,un_an,0,1,0,0
52,27,115.47599581234064,1,0,6,deux_ans,0,0,1,0
52,46,108.10665496381235,5,2,3,mensuel,1,0,0,1
50,50,45.44875749054626,3,1,2,mensuel,1,0,0,0
22,71,36.10965325995454,5,1,1,mensuel,1,0,0,0
59,3,93.60693197695855,3,3,8,un_an,0,1,0,1
56,64,67.84111623188,2,2,1,mensuel,1,0,0,0
58,44,54.9823711739584,4,0,5,mensuel,1,0,0,1
45,53,77.42437093878095,1,0,6,mensuel,1,0,0,1
24,24,61.74240845081118,4,0,3,mensuel,1,0,0,0
26,60,79.02648274097487,1,1,7,mensuel,1,0,0,0
25,3,66.33963615637465,5,1,2,mensuel,1,0,0,1
29,20,79.44775856656334,5,3,7,un_an,0,1,0,0
51,46,47.10934621727223,1,1,2,un_an,0,1,0,0
50,15,93.48924026265269,4,1,5,mensuel,1,0,0,0
65,25,78.95246741464877,1,2,7,mensuel,1,0,0,0
72,71,77.92594738807145,2,2,3,mensuel,1,0,0,0
40,17,42.64660145976012,5,1,4,mensuel,1,0,0,0
41,9,98.99264833288494,2,3,1,deux_ans,0,0,1,0
54,38,64.72567801267463,5,0,3,deux_ans,0,0,1,0
52,48,79.56097724859683,5,2,9,mensuel,1,0,0,0
61,60,58.543510725067826,3,3,10,mensuel,1,0,0,0
57,63,70.21778129364195,2,3,5,mensuel,1,0,0,0
39,2,70.94254704238809,2,2,8,un_an,0,1,0,0
44,11,20.0,3,2,2,un_an,0,1,0,0
52,64,76.64896249309662,4,3,3,un_an,0,1,0,0
18,21,104.3068292344417,2,1,7,un_an,0,1,0,0
52,18,75.79560517983914,1,0,10,mensuel,1,0,0,0
54,64,45.845835022205236,3,1,4,un_an,0,1,0,0
64,38,77.99923132307774,2,1,9,un_an,0,1,0,0
31,32,86.18961060346678,4,1,7,mensuel,1,0,0,0
20,11,75.24933032380774,2,3,1,mensuel,1,0,0,0
18,45,63.517457871399124,5,0,4,un_an,0,1,0,0
22,33,60.157015483521384,1,2,10,un_an,0,1,0,0
43,41,60.07380489266386,3,1,6,un_an,0,1,0,0
72,8,78.95553802022425,5,2,6,un_an,0,1,0,0
31,11,36.85752009880744,4,0,10,un_an,0,1,0,0
56,51,57.56253678289187,5,0,6,un_an,0,1,0,0
44,41,96.91219646021896,5,2,5,mensuel,1,0,0,0
26,17,97.68390533154351,4,0,3,un_an,0,1,0,0
32,46,35.43705824396676,5,2,2,mensuel,1,0,0,1
32,32,42.37172777472782,3,1,3,mensuel,1,0,0,0
43,54,59.58758840944127,2,2,9,mensuel,1,0,0,0
59,20,82.85179034228705,5,2,3,un_an,0,1,0,0
30,33,28.45051291894019,3,1,3,un_an,0,1,0,0
68,40,63.90382730165044,2,2,1,deux_ans,0,0,1,0
49,32,55.5164168684071,2,0,2,mensuel,1,0,0,0
56,2,91.51929348570468,5,0,3,mensuel,1,0,0,0
66,33,31.46183052061491,3,1,2,mensuel,1,0,0,0
69,30,66.85081230987245,5,2,8,mensuel,1,0,0,1
49,33,57.12781125302813,4,1,6,un_an,0,1,0,0
21,26,94.39597852554576,2,0,7,mensuel,1,0,0,0
47,22,76.95305292706499,5,1,1,un_an,0,1,0,0
54,66,53.283686814845304,2,1,6,un_an,0,1,0,1
40,38,82.06772886658165,3,1,2,mensuel,1,0,0,0
56,46,57.22342293382852,1,0,6,deux_ans,0,0,1,0
62,15,84.98659422479507,5,0,3,mensuel,1,0,0,0
32,44,60.25846018228844,5,1,7,mensuel,1,0,0,0
60,49,86.09333157537526,2,1,3,deux_ans,0,0,1,0
46,61,73.721639102545,3,0,9,deux_ans,0,0,1,0
53,67,130.0,4,1,3,mensuel,1,0,0,0
30,6,63.94207989167991,3,0,7,mensuel,1,0,0,0
49,9,72.65724583242897,5,1,4,mensuel,1,0,0,0
24,6,55.411505165681376,4,2,8,mensuel,1,0,0,0
68,32,65.05370681509558,3,1,2,deux_ans,0,0,1,0
39,41,20.0,1,2,8,un_an,0,1,0,0
45,8,74.31168033082064,2,4,9,mensuel,1,0,0,0
19,50,91.85748425898824,3,1,8,deux_ans,0,0,1,0
59,62,72.93260009198708,3,1,6,mensuel,1,0,0,0
62,62,38.722770840452455,1,2,10,mensuel,1,0,0,0
74,7,48.964256945819976,5,2,1,deux_ans,0,0,1,0
70,4,20.0,2,1,7,un_an,0,1,0,0
23,6,84.57848013730847,3,1,1,un_an,0,1,0,1
45,58,44.869734145808394,4,2,7,mensuel,1,0,0,0
45,22,64.42582819575544,3,2,2,un_an,0,1,0,0
61,26,61.925248553455596,2,2,8,mensuel,1,0,0,0
61,3,94.75454071316534,3,0,2,un_an,0,1,0,0
37,41,66.70562635931478,1,1,3,deux_ans,0,0,1,0
47,60,81.1778584021202,3,2,3,mensuel,1,0,0,1
28,14,75.92927528295326,3,3,1,un_an,0,1,0,1
72,12,92.188228399228,4,1,5,mensuel,1,0,0,1
45,12,60.21752610994083,1,2,5,mensuel,1,0,0,1
42,13,102.39230661009034,1,0,10,un_an,0,1,0,1
56,25,25.286756872013697,3,1,5,mensuel,1,0,0,0
50,45,82.14946996002472,4,3,9,un_an,0,1,0,0
18,19,47.66760782671736,3,0,6,mensuel,1,0,0,0
74,55,55.14500894440095,3,2,6,deux_ans,0,0,1,0
44,45,76.38828533802071,2,1,3,mensuel,1,0,0,0
74,8,76.22804099695486,2,3,5,mensuel,1,0,0,1
69,53,77.12856027380143,4,0,10,mensuel,1,0,0,0
30,55,37.27684111789524,5,2,7,deux_ans,0,0,1,0
58,32,93.9806046255848,2,1,3,un_an,0,1,0,0
20,51,46.98705763544649,5,0,2,un_an,0,1,0,0
56,44,49.65425819549601,1,1,5,mensuel,1,0,0,0
23,70,77.75793476333658,2,2,3,mensuel,1,0,0,0
25,18,59.26557650477519,2,2,5,mensuel,1,0,0,0
44,22,71.16521681124983,4,1,9,un_an,0,1,0,0
26,37,21.86798606734424,5,0,10,mensuel,1,0,0,0
54,56,70.68648899038463,2,0,1,deux_ans,0,0,1,0
50,59,69.3566375902443,2,1,4,un_an,0,1,0,0
68,3,54.80282924471433,4,3,10,mensuel,1,0,0,1
59,28,23.51848080470421,4,1,5,mensuel,1,0,0,0
61,35,60.743834770367904,5,0,2,un_an,0,1,0,0
41,61,64.25252280402773,1,0,2,mensuel,1,0,0,0
32,54,57.6554201933901,1,2,1,mensuel,1,0,0,0
71,63,28.276510711350042,3,0,8,mensuel,1,0,0,0
49,7,96.89468014633832,2,1,2,un_an,0,1,0,1
49,49,52.22276944111254,5,4,3,un_an,0,1,0,0
41,31,60.55590674154198,2,2,2,mensuel,1,0,0,1
58,58,20.0,5,0,4,mensuel,1,0,0,0
69,61,96.89710697396414,5,2,1,mensuel,1,0,0,0
66,24,55.66900136531888,5,2,3,un_an,0,1,0,0
66,20,66.96925634148405,2,4,5,mensuel,1,0,0,0
69,37,87.41474889633302,4,1,10,mensuel,1,0,0,1
29,4,51.47391590566748,2,1,1,deux_ans,0,0,1,1
56,20,84.26489974773088,5,0,4,deux_ans,0,0,1,0
19,60,23.773490881177167,3,1,6,deux_ans,0,0,1,0
20,24,76.01973315142627,1,0,4,un_an,0,1,0,0
66,50,96.44484333039306,5,4,7,mensuel,1,0,0,0
54,49,53.391663055639405,3,1,7,mensuel,1,0,0,0
66,51,87.37763240596797,4,0,6,mensuel,1,0,0,0
73,36,101.67845304387566,5,2,9,mensuel,1,0,0,0
34,66,59.90316323891962,3,2,2,deux_ans,0,0,1,0
66,34,58.249434283002785,5,0,10,un_an,0,1,0,0
19,36,47.03412508335392,2,3,8,un_an,0,1,0,0
19,6,54.80539689629733,3,1,8,mensuel,1,0,0,0
45,39,48.692802194547596,2,0,10,deux_ans,0,0,1,0
71,42,47.01777803145546,2,2,4,un_an,0,1,0,0
40,58,88.97670593422713,3,0,6,mensuel,1,0,0,0
54,12,49.2014794942348,1,2,6,deux_ans,0,0,1,0
49,3,70.17043829439245,3,1,5,mensuel,1,0,0,1
50,18,65.76466870432476,1,1,1,mensuel,1,0,0,0
18,40,94.96189125142246,5,0,3,un_an,0,1,0,0
36,21,54.93687535889973,5,1,7,un_an,0,1,0,0
19,15,72.62296093308645,3,2,8,mensuel,1,0,0,1
70,26,80.82139404552218,5,1,2,mensuel,1,0,0,0
61,8,94.79499214641163,4,4,3,deux_ans,0,0,1,0
43,42,54.644933099094665,2,0,4,un_an,0,1,0,0
49,44,52.64215062535239,2,3,5,un_an,0,1,0,1
23,14,43.76437892079895,1,3,3,mensuel,1,0,0,1
49,2,109.72599241696481,5,1,5,mensuel,1,0,0,1
72,37,92.68944876360776,1,2,8,mensuel,1,0,0,0
21,69,64.15597211375913,2,1,8,mensuel,1,0,0,0
72,38,103.62878302254113,2,0,2,mensuel,1,0,0,0
28,41,62.96273211268686,5,0,6,mensuel,1,0,0,1
73,62,79.48820942867059,4,1,4,un_an,0,1,0,0
34,60,65.20343803445441,4,1,9,mensuel,1,0,0,0
55,14,72.95610903500942,5,0,10,un_an,0,1,0,1
41,2,70.83522885067094,5,2,2,mensuel,1,0,0,0
22,70,56.50029253246701,1,1,8,mensuel,1,0,0,0
69,17,86.84997076170706,5,0,1,mensuel,1,0,0,0
51,28,79.31904835367803,4,0,6,mensuel,1,0,0,1
23,66,85.55389187002957,5,0,10,mensuel,1,0,0,0
39,35,71.40454370998692,1,4,1,deux_ans,0,0,1,0
28,5,46.86860236445732,1,2,2,un_an,0,1,0,0
65,65,99.18772133115405,1,3,3,mensuel,1,0,0,0
33,40,59.748875328651486,1,1,9,mensuel,1,0,0,0
50,56,72.28134057136829,3,2,5,un_an,0,1,0,0
26,36,77.70762717644538,5,3,10,un_an,0,1,0,1
23,45,72.14843432435238,2,3,10,mensuel,1,0,0,0
33,23,83.30834042460549,5,0,2,un_an,0,1,0,0
46,47,86.46755844632997,3,0,10,un_an,0,1,0,0
20,31,60.50332993905504,1,3,5,un_an,0,1,0,0
37,11,97.50934683911294,3,0,5,un_an,0,1,0,0
53,10,59.6619289167747,4,2,1,deux_ans,0,0,1,1
36,67,71.73498097761576,4,2,3,deux_ans,0,0,1,0
43,14,57.24643632791537,5,2,5,mensuel,1,0,0,1
20,10,51.5305295469842,5,3,9,un_an,0,1,0,0
36,1,85.8838217758173,2,1,10,un_an,0,1,0,0
37,5,127.4379379485209,2,3,1,un_an,0,1,0,0
49,20,57.764802233593656,4,0,8,deux_ans,0,0,1,0
24,8,89.30643149356158,1,0,1,mensuel,1,0,0,0
69,43,58.481773745996115,3,3,9,mensuel,1,0,0,0
58,1,64.79030046287991,2,0,6,mensuel,1,0,0,0
50,57,100.15167544463344,2,1,1,mensuel,1,0,0,1
57,64,43.52929429849388,1,1,8,mensuel,1,0,0,0
56,28,38.236818627537545,1,1,5,un_an,0,1,0,0
35,37,63.256027024737016,5,3,7,mensuel,1,0,0,0
57,47,78.27312055875349,3,1,7,un_an,0,1,0,0
18,37,74.27333143361764,1,2,7,un_an,0,1,0,0
28,49,72.21358351385992,2,0,6,mensuel,1,0,0,0
45,44,65.68263963023156,2,2,8,mensuel,1,0,0,0
74,56,80.73080053967838,4,1,9,un_an,0,1,0,1
42,28,20.0,1,0,2,un_an,0,1,0,0
67,6,49.983893898245185,5,1,7,deux_ans,0,0,1,0
40,61,63.12775181433104,3,2,2,deux_ans,0,0,1,0
48,20,79.09069598205019,5,1,6,deux_ans,0,0,1,0
47,2,94.79530280137132,2,1,2,un_an,0,1,0,1
59,37,47.2980058366572,5,1,10,deux_ans,0,0,1,0
52,20,94.14157251073135,2,2,6,un_an,0,1,0,0
24,26,55.948766615972744,2,2,2,deux_ans,0,0,1,0
33,29,62.40180434038628,2,0,1,mensuel,1,0,0,0
43,1,76.62865037595228,2,1,7,deux_ans,0,0,1,1
65,35,60.935278413864545,2,1,3,mensuel,1,0,0,0
74,70,87.20235213332636,4,1,4,un_an,0,1,0,0
69,59,56.907917097737126,5,2,6,mensuel,1,0,0,0
66,69,57.20930017439332,4,1,5,mensuel,1,0,0,0
19,33,86.03959908418665,4,2,4,mensuel,1,0,0,1
18,51,49.737512234646836,1,1,9,mensuel,1,0,0,0
65,12,69.9785819063332,1,1,6,mensuel,1,0,0,0
29,20,31.790346646123517,1,3,6,un_an,0,1,0,0
22,53,101.39278704122381,3,1,2,mensuel,1,0,0,0
54,43,89.1310387247355,1,0,6,mensuel,1,0,0,0
49,50,120.0021439916151,5,3,7,mensuel,1,0,0,0
72,29,91.76727462892771,4,1,8,un_an,0,1,0,0
26,57,42.406995407990365,5,1,8,mensuel,1,0,0,0
58,39,78.37299720321184,1,2,9,mensuel,1,0,0,0
52,56,46.63982475556391,3,1,10,mensuel,1,0,0,0
36,43,96.56075014106197,3,2,3,un_an,0,1,0,0
65,50,42.977194240448554,4,2,10,mensuel,1,0,0,0
33,23,42.01690231520405,5,0,7,mensuel,1,0,0,0
20,44,32.803770926066264,2,1,7,mensuel,1,0,0,0
37,38,55.23240357473997,5,1,1,deux_ans,0,0,1,1
41,23,51.21044350432857,1,0,8,mensuel,1,0,0,0
71,45,39.76701788321469,2,0,4,un_an,0,1,0,0
73,52,104.79618208487048,3,2,5,mensuel,1,0,0,1
50,50,75.5976139277329,4,0,6,mensuel,1,0,0,0
41,8,73.24469079713424,4,2,3,mensuel,1,0,0,0
69,1,96.78328838495852,3,0,5,mensuel,1,0,0,0
28,8,70.1251558408587,1,0,10,mensuel,1,0,0,0
66,29,50.02639596989721,3,0,5,mensuel,1,0,0,0
25,5,30.995805149646863,1,0,1,mensuel,1,0,0,0
53,47,48.89885215313193,2,1,3,un_an,0,1,0,0
55,34,95.10831201016924,3,1,3,deux_ans,0,0,1,1
57,65,39.893277686276804,1,3,1,mensuel,1,0,0,1
37,55,72.06254475995753,2,1,7,un_an,0,1,0,0
52,43,85.67850286171115,3,4,1,deux_ans,0,0,1,0
65,30,70.70689680886504,4,1,7,un_an,0,1,0,0
42,17,72.97966657581166,3,0,4,mensuel,1,0,0,0
52,26,78.11207825746853,5,1,9,un_an,0,1,0,0
42,8,72.58561743645299,3,1,7,mensuel,1,0,0,0
46,47,97.18148344946565,5,2,5,mensuel,1,0,0,0
35,46,44.194165435447786,2,2,7,mensuel,1,0,0,0
63,68,69.80849753677572,3,1,9,mensuel,1,0,0,0
35,33,28.635191320057046,2,3,10,mensuel,1,0,0,0
19,1,23.52507625626926,2,1,6,mensuel,1,0,0,0
71,19,63.366579382960325,1,0,1,un_an,0,1,0,0
52,31,75.86759137889514,2,1,6,mensuel,1,0,0,0
33,14,97.6133555447513,2,2,1,mensuel,1,0,0,0
58,53,113.39583466020926,3,1,4,mensuel,1,0,0,0
53,48,91.39721341330961,3,1,8,mensuel,1,0,0,0
50,69,79.54331488796058,4,0,5,un_an,0,1,0,0
21,62,68.19929711547631,1,0,5,deux_ans,0,0,1,0
50,66,34.375438736332455,2,0,10,mensuel,1,0,0,0
31,64,62.079267885164036,1,0,8,mensuel,1,0,0,0
38,70,90.80753502516451,5,1,8,deux_ans,0,0,1,0
65,63,82.96563712056081,2,1,1,mensuel,1,0,0,1
37,33,39.273317066341036,1,1,5,deux_ans,0,0,1,0
73,41,77.2805129451696,4,0,5,mensuel,1,0,0,0
25,48,75.5678562373544,4,1,8,mensuel,1,0,0,0
24,13,71.99780240229475,2,4,1,mensuel,1,0,0,1
20,31,64.44288889245331,5,2,7,mensuel,1,0,0,0
34,68,78.31167933888386,4,0,7,mensuel,1,0,0,0
50,4,78.94626077824798,4,2,9,deux_ans,0,0,1,0
65,19,52.17082469137189,5,0,2,un_an,0,1,0,0
29,70,74.10028122764191,1,1,3,un_an,0,1,0,0
68,13,61.212097185055725,4,1,4,un_an,0,1,0,1
39,23,35.25532264507514,3,1,1,mensuel,1,0,0,0
72,1,53.767859299236726,4,2,7,un_an,0,1,0,0
39,54,33.726206293091494,1,3,10,mensuel,1,0,0,0
63,71,84.60187070140209,1,2,3,un_an,0,1,0,0
47,15,72.11778755108638,2,0,3,mensuel,1,0,0,1
55,65,57.890187775881095,3,1,3,un_an,0,1,0,0
55,71,93.41042686577296,1,0,8,deux_ans,0,0,1,0
62,15,66.35981815162333,5,1,9,mensuel,1,0,0,0
68,21,36.37554488066251,3,2,10,mensuel,1,0,0,0
71,19,56.21042919632378,3,2,2,mensuel,1,0,0,0
25,60,97.65708374546584,5,0,10,mensuel,1,0,0,0
44,33,51.61048749821713,4,0,10,un_an,0,1,0,0
44,49,70.5044257751566,5,1,1,deux_ans,0,0,1,0
51,35,79.87753249029277,5,0,9,mensuel,1,0,0,0
38,44,76.79896969109885,4,0,6,mensuel,1,0,0,0
47,11,113.989195979162,4,2,9,un_an,0,1,0,0
50,66,41.47393486153462,4,0,6,mensuel,1,0,0,0
45,46,43.470738389343936,4,0,2,mensuel,1,0,0,0
64,9,41.80491105795734,4,2,1,deux_ans,0,0,1,0
50,3,59.0816315796623,5,2,8,un_an,0,1,0,1
22,26,86.98754776364902,2,3,3,mensuel,1,0,0,1
65,48,44.36530840406978,2,1,1,mensuel,1,0,0,0
36,66,87.26721011887878,1,2,8,un_an,0,1,0,0
21,70,65.70253339855473,2,1,1,un_an,0,1,0,0
52,28,42.82006613578153,2,2,8,un_an,0,1,0,0
66,26,29.97260086864287,5,1,1,mensuel,1,0,0,0
34,25,34.448590123813474,4,3,9,deux_ans,0,0,1,1
61,12,51.68293183532152,4,1,9,un_an,0,1,0,0
45,5,61.61697648513359,5,1,9,un_an,0,1,0,0
47,48,91.92125953460902,2,4,3,un_an,0,1,0,1
46,37,80.98176424376477,5,0,4,mensuel,1,0,0,0
63,44,48.22117495839396,1,2,5,deux_ans,0,0,1,0
70,15,73.17330566744337,4,2,6,mensuel,1,0,0,0
23,43,98.0309253838448,3,1,9,mensuel,1,0,0,0
52,48,102.47834842060071,1,4,4,un_an,0,1,0,0
58,70,58.71187976892807,1,2,6,un_an,0,1,0,0
54,46,84.16576859410003,5,4,1,un_an,0,1,0,0
41,43,92.79910733775648,2,0,2,mensuel,1,0,0,0
46,21,34.85856153643226,4,1,8,mensuel,1,0,0,1
66,23,54.75185825680606,3,3,4,deux_ans,0,0,1,0
63,47,109.40037468846526,1,3,10,mensuel,1,0,0,0
70,15,58.97927779758192,3,1,7,deux_ans,0,0,1,0
48,25,20.0,2,0,4,mensuel,1,0,0,0
52,36,62.58076379226555,2,1,9,un_an,0,1,0,1
50,51,87.49250998231724,3,2,9,mensuel,1,0,0,1
69,15,65.13020873601792,4,2,4,un_an,0,1,0,0
38,68,79.30727893601268,2,2,8,deux_ans,0,0,1,0
49,21,83.76443995311463,3,1,6,mensuel,1,0,0,0
40,13,57.90125097135436,1,1,1,un_an,0,1,0,0
50,19,54.61214027171248,3,3,7,un_an,0,1,0,0
20,34,68.06881951908544,3,3,1,un_an,0,1,0,0
35,68,68.55557845859762,5,2,3,deux_ans,0,0,1,0
42,52,66.08153639693943,2,3,8,mensuel,1,0,0,0
59,27,66.90313045364928,4,2,9,mensuel,1,0,0,0
48,29,50.02907730758524,4,2,3,mensuel,1,0,0,0
71,28,80.00573820161895,5,1,1,mensuel,1,0,0,1
20,35,76.98463894225932,4,0,1,mensuel,1,0,0,0
57,8,38.27983266729084,3,1,7,un_an,0,1,0,0
63,16,57.21675365828066,5,2,5,mensuel,1,0,0,0
41,36,66.86159745078893,1,3,1,mensuel,1,0,0,0
67,30,54.31373995447651,2,2,6,mensuel,1,0,0,1
49,18,77.74743955175587,2,1,6,un_an,0,1,0,0
64,2,63.662349230857245,2,1,4,un_an,0,1,0,0
39,49,68.38145058910374,3,0,7,mensuel,1,0,0,0
40,4,56.98581385033853,1,0,7,deux_ans,0,0,1,0
19,7,25.135623531787708,5,3,9,mensuel,1,0,0,0
44,39,23.99303356875101,5,1,1,deux_ans,0,0,1,0
59,13,76.79219093384054,2,2,5,un_an,0,1,0,0
19,31,70.33824152978788,1,2,10,mensuel,1,0,0,1
43,71,73.7732441270217,1,1,3,un_an,0,1,0,0
34,63,67.68945684125826,1,1,7,un_an,0,1,0,0
57,56,69.2913480674703,4,2,4,mensuel,1,0,0,1
50,42,84.38046747237576,4,2,4,deux_ans,0,0,1,0
26,61,73.89238744802824,2,1,1,mensuel,1,0,0,0
60,42,85.81818700612226,1,2,1,mensuel,1,0,0,1
71,56,68.42923682453194,1,1,10,mensuel,1,0,0,0
65,36,58.99236518960458,5,0,2,mensuel,1,0,0,0
56,68,68.88405724312491,5,0,2,mensuel,1,0,0,0
46,7,48.27644237025406,2,0,1,deux_ans,0,0,1,0
59,54,57.40306142176182,1,4,8,mensuel,1,0,0,0
72,1,68.55142617280075,2,3,6,mensuel,1,0,0,1
43,44,68.28636663802024,5,3,6,mensuel,1,0,0,0
52,45,62.87162239994023,5,0,10,deux_ans,0,0,1,0
67,47,37.236305796515865,4,2,10,deux_ans,0,0,1,0
42,13,77.72819092841429,2,2,9,un_an,0,1,0,1
41,22,81.68456813199099,2,2,5,deux_ans,0,0,1,0
30,21,97.87380990504477,1,3,4,un_an,0,1,0,0
24,9,73.83551993177463,1,2,6,deux_ans,0,0,1,0
74,26,65.02923668382967,4,1,8,un_an,0,1,0,0
53,9,44.739409807797,3,1,1,mensuel,1,0,0,1
62,15,94.8403573872211,3,0,7,mensuel,1,0,0,0
37,10,69.95665953748048,3,1,8,un_an,0,1,0,0
18,42,68.86746347650913,2,1,9,mensuel,1,0,0,1
25,24,59.91887603642296,2,1,8,mensuel,1,0,0,0
63,49,58.64060867130276,5,0,7,un_an,0,1,0,0
33,26,78.76533468101694,2,0,3,deux_ans,0,0,1,0
31,37,44.57118754682816,2,2,2,mensuel,1,0,0,0
29,68,97.50863718317561,2,3,3,un_an,0,1,0,0
68,50,93.15052915076744,4,1,4,un_an,0,1,0,0
40,24,57.918769062658214,2,2,4,deux_ans,0,0,1,0
32,19,47.72270868253915,1,1,6,deux_ans,0,0,1,0
45,60,24.69588023289171,1,2,7,un_an,0,1,0,0
51,39,39.97172255031546,5,1,4,mensuel,1,0,0,1
19,18,79.59822985765749,4,2,10,mensuel,1,0,0,0
49,19,71.30683717801307,1,1,6,mensuel,1,0,0,0
40,36,74.87307130612176,4,1,9,un_an,0,1,0,0
39,55,28.088407293516767,4,2,6,deux_ans,0,0,1,0
68,69,57.083687597946714,5,2,3,un_an,0,1,0,0
42,47,92.34545612564165,4,2,1,mensuel,1,0,0,1
39,49,63.079451893612934,2,1,10,un_an,0,1,0,0
39,33,39.554105307520295,4,1,10,mensuel,1,0,0,0
66,21,62.76795338314197,5,0,5,mensuel,1,0,0,0
69,22,49.579651632695004,5,2,10,mensuel,1,0,0,0
59,48,71.67358119890794,5,3,10,mensuel,1,0,0,0
23,37,65.4109075777543,1,1,3,un_an,0,1,0,0
32,15,75.86593328164581,2,1,8,mensuel,1,0,0,0
71,35,40.641527464697745,1,0,10,mensuel,1,0,0,0
60,71,56.02566862669802,3,0,1,deux_ans,0,0,1,0
54,32,86.80868682798219,2,0,2,mensuel,1,0,0,0
50,11,37.91439891129037,4,0,3,mensuel,1,0,0,0
25,10,44.93775967920043,5,0,3,mensuel,1,0,0,0
70,57,68.98594619984128,3,2,8,mensuel,1,0,0,0
61,25,70.73459678167583,2,2,5,mensuel,1,0,0,0
61,2,55.2230031451446,1,2,8,mensuel,1,0,0,0
22,64,59.431342347223,5,1,6,un_an,0,1,0,0
56,35,75.66451123111284,1,1,2,mensuel,1,0,0,1
21,7,81.99270003519734,2,1,4,mensuel,1,0,0,1
23,18,43.615566694204816,2,1,9,deux_ans,0,0,1,0
62,67,72.286390412559,3,0,4,mensuel,1,0,0,0
49,42,95.24032000011445,4,2,5,deux_ans,0,0,1,0
69,39,62.68215877277735,1,1,5,mensuel,1,0,0,0
47,41,43.40321692422962,3,0,10,mensuel,1,0,0,0
64,24,42.47816182345567,5,0,8,un_an,0,1,0,0
52,60,61.785251173762724,4,1,6,mensuel,1,0,0,0
72,46,85.71694609735238,3,0,10,mensuel,1,0,0,0
57,19,64.18488300306758,1,1,7,un_an,0,1,0,0
69,68,68.78463959811856,2,1,6,mensuel,1,0,0,0
33,42,45.07316635652392,5,2,5,un_an,0,1,0,0
30,32,84.66235265953095,1,1,5,deux_ans,0,0,1,1
67,39,42.0868285766929,4,1,3,mensuel,1,0,0,0
59,36,54.910070314567335,4,0,7,un_an,0,1,0,0
47,36,77.59829724092589,2,2,10,mensuel,1,0,0,0
36,3,24.211370033601362,2,1,5,deux_ans,0,0,1,0
34,8,68.47922299371416,5,2,7,un_an,0,1,0,0
73,70,44.218528672164375,5,2,2,deux_ans,0,0,1,0
36,41,65.33098797818226,2,0,9,mensuel,1,0,0,0
45,68,57.95888784576127,2,3,8,un_an,0,1,0,0
72,13,107.11669650696976,4,0,5,mensuel,1,0,0,1
43,49,57.137576216001875,2,2,2,mensuel,1,0,0,0
54,60,101.85302745766685,3,1,6,deux_ans,0,0,1,0
43,2,76.7390458236675,1,1,8,mensuel,1,0,0,0
70,60,48.970820585405434,2,5,7,deux_ans,0,0,1,0
40,5,71.61621850519514,5,2,8,mensuel,1,0,0,0
26,44,58.91180507324376,3,2,4,un_an,0,1,0,0
29,27,69.84314981482467,5,1,3,mensuel,1,0,0,0
70,32,50.72218025133466,3,0,7,mensuel,1,0,0,0
18,21,98.80355266691916,2,1,2,mensuel,1,0,0,0
18,8,83.5079618159345,1,1,5,un_an,0,1,0,1
64,50,65.63563136323182,5,2,7,mensuel,1,0,0,0
51,67,99.58229536139068,3,2,1,un_an,0,1,0,1
49,44,66.48558488165698,4,0,4,mensuel,1,0,0,0
71,58,86.95249929722328,2,3,2,mensuel,1,0,0,0
65,3,65.76601175044848,1,1,6,mensuel,1,0,0,0
42,70,72.87775189621156,2,0,1,mensuel,1,0,0,0
57,2,63.37122438114441,4,3,7,un_an,0,1,0,0
62,44,66.90602707747874,1,2,3,deux_ans,0,0,1,0
70,2,68.41063720775998,4,0,1,mensuel,1,0,0,1
18,35,51.605363350232125,2,0,8,un_an,0,1,0,0
33,30,56.97862666153824,3,3,7,un_an,0,1,0,0
56,8,60.66489967027656,2,0,2,mensuel,1,0,0,1
22,22,69.59422033604594,2,4,7,mensuel,1,0,0,0
39,44,64.38841960993065,2,2,3,mensuel,1,0,0,0
46,58,88.46065067651415,5,1,9,mensuel,1,0,0,0
72,36,81.94236637959281,4,0,8,mensuel,1,0,0,0
20,69,61.07344887949255,4,0,5,mensuel,1,0,0,0
29,31,92.63567794903878,4,0,7,un_an,0,1,0,0
43,47,102.46041247150913,5,1,3,mensuel,1,0,0,0
33,55,24.12347410155766,3,2,1,mensuel,1,0,0,0
68,62,83.64580170132558,2,0,1,mensuel,1,0,0,0
54,30,51.140316053370015,3,2,2,mensuel,1,0,0,0
39,55,81.01496042646599,5,4,8,mensuel,1,0,0,0
74,16,89.76475881292863,4,1,1,deux_ans,0,0,1,0
46,12,47.46014810978896,2,1,5,mensuel,1,0,0,0
31,17,27.95345801968479,1,1,9,un_an,0,1,0,0
45,16,81.7086817643173,1,4,9,mensuel,1,0,0,0
22,12,67.70804964967223,3,3,2,un_an,0,1,0,0
64,8,31.631224921947435,4,2,7,un_an,0,1,0,0
66,3,115.59129010925645,1,3,1,mensuel,1,0,0,0
47,16,77.48838824513103,3,4,3,un_an,0,1,0,1
63,30,78.40200080250304,5,3,6,mensuel,1,0,0,0
69,23,92.31635505124098,3,2,9,un_an,0,1,0,0
22,5,53.38352094306996,3,1,10,mensuel,1,0,0,0
29,65,67.60908224177354,3,1,2,deux_ans,0,0,1,0
33,30,38.61356172440474,2,0,7,un_an,0,1,0,0
43,21,52.84103105429631,3,1,4,deux_ans,0,0,1,0
43,70,72.71320000938475,3,1,2,mensuel,1,0,0,1
65,22,31.694306657350957,2,2,3,mensuel,1,0,0,0
38,32,52.274209086438375,2,2,6,un_an,0,1,0,0
56,33,46.44132080124559,5,0,10,deux_ans,0,0,1,0
53,16,67.8418449124069,4,1,9,deux_ans,0,0,1,0
50,38,76.49402523330697,1,2,8,mensuel,1,0,0,0
47,14,79.84305608752913,1,0,10,un_an,0,1,0,0
54,36,84.97633289556302,3,1,9,mensuel,1,0,0,0
40,23,92.44233693144741,5,1,4,mensuel,1,0,0,1
27,66,77.14490907366812,3,0,4,mensuel,1,0,0,0
71,2,102.74671797788831,1,2,9,mensuel,1,0,0,0
22,65,67.39005042529364,2,2,8,deux_ans,0,0,1,0
53,67,61.53357691498905,4,1,2,mensuel,1,0,0,0
51,52,77.1461472672008,5,1,8,un_an,0,1,0,0
69,62,60.671776500148226,2,5,1,un_an,0,1,0,0
48,23,102.05129457550099,4,4,9,mensuel,1,0,0,0
27,26,87.61966946270424,5,2,9,mensuel,1,0,0,0
36,68,80.00556288399028,5,0,8,un_an,0,1,0,0
49,55,67.62838688082702,1,1,5,mensuel,1,0,0,1
18,6,56.85045657170274,2,1,5,un_an,0,1,0,0
73,35,79.02650009135519,5,2,3,deux_ans,0,0,1,0
22,22,42.45805096306082,5,0,5,mensuel,1,0,0,0
62,43,95.68727066882042,4,0,4,mensuel,1,0,0,1
21,15,61.44726589229253,1,3,1,mensuel,1,0,0,0
33,60,71.10213466481459,3,1,9,un_an,0,1,0,0
41,12,46.807978476134224,1,1,10,mensuel,1,0,0,0
33,49,79.45972526238442,3,0,4,mensuel,1,0,0,1
72,42,55.92516774323343,2,1,3,mensuel,1,0,0,0
19,38,77.98457580610196,2,2,6,deux_ans,0,0,1,0
66,45,80.14786937954779,5,0,1,mensuel,1,0,0,1
45,35,52.04735772822919,2,1,5,mensuel,1,0,0,0
49,30,42.529417581720104,5,2,7,deux_ans,0,0,1,0
44,30,95.6379983308909,1,1,2,un_an,0,1,0,0
37,6,61.15401931941836,2,2,10,un_an,0,1,0,0
41,67,69.49697632091276,1,0,9,un_an,0,1,0,0
29,7,74.70929049293484,1,2,6,deux_ans,0,0,1,0
67,52,39.92599740203559,2,3,2,un_an,0,1,0,0
52,14,74.25332273639775,1,2,8,deux_ans,0,0,1,0
50,15,66.98253072309274,2,3,8,un_an,0,1,0,0
50,21,52.12938604591218,2,3,1,un_an,0,1,0,0
68,35,41.86928030324542,2,3,1,mensuel,1,0,0,1
60,66,77.1177109591454,3,2,1,mensuel,1,0,0,1
54,2,87.55424016389759,1,1,4,un_an,0,1,0,0
29,35,68.57181034785606,4,0,4,mensuel,1,0,0,0
20,20,36.31069316300626,2,0,8,un_an,0,1,0,0
18,10,43.853343656505395,1,1,1,mensuel,1,0,0,0
50,25,56.357525813518926,5,0,10,un_an,0,1,0,0
57,66,96.292394823215,2,2,3,mensuel,1,0,0,0
27,25,60.064986758022485,2,3,1,un_an,0,1,0,1
60,54,55.628621544036,4,2,9,un_an,0,1,0,0
61,33,31.530304006477706,3,2,10,mensuel,1,0,0,0
46,36,51.86630419779778,3,1,9,mensuel,1,0,0,0
30,14,40.3412729201834,2,0,7,mensuel,1,0,0,0
29,65,44.936403381544,1,1,8,mensuel,1,0,0,0
48,54,67.39901360317485,5,2,1,mensuel,1,0,0,0
63,52,56.97671588777645,5,3,5,mensuel,1,0,0,0
19,3,98.98988905342691,1,1,2,deux_ans,0,0,1,0
68,41,86.56006745414953,2,1,1,mensuel,1,0,0,0
67,6,52.822321243793226,5,1,3,un_an,0,1,0,0
52,25,46.6636431651897,3,1,7,mensuel,1,0,0,0
40,13,92.65283871328386,1,2,1,un_an,0,1,0,0
34,8,98.20084978966966,4,0,2,mensuel,1,0,0,0
43,21,21.115035129089357,2,3,2,un_an,0,1,0,0
25,68,66.85715247943403,1,2,4,un_an,0,1,0,0
46,25,59.96243384206546,5,2,3,un_an,0,1,0,0
43,68,77.98240280119873,2,1,3,mensuel,1,0,0,0
27,45,103.85336248323009,3,2,10,un_an,0,1,0,0
43,60,55.31885961344403,2,3,5,mensuel,1,0,0,0
51,12,23.78602970672172,2,1,3,mensuel,1,0,0,0
68,32,76.58015400298527,3,3,7,mensuel,1,0,0,0
58,13,92.79928137208405,3,0,5,mensuel,1,0,0,1
24,31,58.9248043696045,2,3,4,mensuel,1,0,0,1
21,20,50.89925039720678,3,3,3,un_an,0,1,0,0
70,18,56.254811892446014,1,2,4,mensuel,1,0,0,0
67,60,82.00410734262469,3,1,2,mensuel,1,0,0,0
62,63,55.91078117430039,3,1,1,mensuel,1,0,0,0
28,6,71.5752060068569,2,2,3,un_an,0,1,0,0
46,32,65.5560583147988,1,1,2,un_an,0,1,0,0
73,43,63.492407751544675,4,3,1,mensuel,1,0,0,1
53,2,79.02584653504465,4,4,1,un_an,0,1,0,0
42,60,55.42840200271611,5,3,2,mensuel,1,0,0,0
38,23,56.388268796354424,3,1,9,mensuel,1,0,0,0
74,31,80.95205699999508,3,1,5,mensuel,1,0,0,0
53,5,45.26149351662695,1,1,9,un_an,0,1,0,0
27,34,47.39559618355346,4,1,8,un_an,0,1,0,0
54,10,39.79371417312813,5,1,6,mensuel,1,0,0,0
26,2,81.98021826553106,1,1,1,mensuel,1,0,0,0
41,11,62.89526063837465,3,1,10,mensuel,1,0,0,0
52,50,38.72769707841867,4,1,5,un_an,0,1,0,0
66,31,82.07617124618137,5,4,1,deux_ans,0,0,1,0
52,56,53.88915676849129,2,0,7,mensuel,1,0,0,0
65,9,47.5664384232623,4,3,10,mensuel,1,0,0,0
53,21,61.08642882246096,5,1,8,un_an,0,1,0,0
35,28,94.57447218935783,1,2,8,un_an,0,1,0,0
66,62,57.1007560700686,2,2,7,deux_ans,0,0,1,0
56,7,76.50677728231169,5,1,2,un_an,0,1,0,1
49,16,79.54160040901908,5,1,5,deux_ans,0,0,1,0
41,4,73.86546596012812,3,3,4,mensuel,1,0,0,0
40,4,90.42143299348524,4,1,5,mensuel,1,0,0,0
49,40,50.857679907354424,3,1,10,mensuel,1,0,0,0
54,17,44.13330313899328,2,1,9,un_an,0,1,0,0
29,52,43.740666879500104,5,0,4,mensuel,1,0,0,0
66,52,62.110631694004134,3,0,8,mensuel,1,0,0,0
72,36,46.05906684318942,4,1,8,mensuel,1,0,0,0
30,38,67.95081823730656,2,2,2,mensuel,1,0,0,1
40,50,66.53976839449787,1,1,6,deux_ans,0,0,1,0
42,63,85.37146606372082,3,2,5,mensuel,1,0,0,0
52,63,70.8228861647208,2,1,2,mensuel,1,0,0,0
58,62,56.676962882771036,1,0,10,un_an,0,1,0,0
47,7,73.21698408865366,3,1,4,mensuel,1,0,0,0
34,27,44.39611960204118,2,3,7,un_an,0,1,0,0
66,14,64.23718623951366,2,2,1,un_an,0,1,0,0
37,71,71.38802467191161,3,1,9,deux_ans,0,0,1,0
65,5,67.58635196300253,2,2,10,deux_ans,0,0,1,0
42,55,73.30130189871969,5,0,1,mensuel,1,0,0,0
39,2,52.119079685744175,3,1,5,un_an,0,1,0,0
30,62,88.04062805619031,2,0,7,mensuel,1,0,0,0
36,21,101.44337898791414,1,1,8,mensuel,1,0,0,0
66,21,32.94647710282811,1,1,2,mensuel,1,0,0,0
53,10,40.68804008091504,5,2,4,mensuel,1,0,0,0
29,58,65.86166016048772,3,0,2,deux_ans,0,0,1,0
58,39,59.868980388942525,2,2,4,mensuel,1,0,0,0
36,5,102.92824811545565,2,0,6,un_an,0,1,0,0
29,65,69.39568646848922,1,2,6,mensuel,1,0,0,0
26,13,92.85090507451915,5,1,2,mensuel,1,0,0,1
24,53,24.017522270927998,1,1,4,deux_ans,0,0,1,0
45,45,81.28338966664704,1,1,4,mensuel,1,0,0,0
31,32,50.68966361483358,5,1,1,un_an,0,1,0,1
48,36,50.36914860760685,3,0,2,mensuel,1,0,0,1
69,60,60.03283947175752,2,1,3,mensuel,1,0,0,0
36,11,36.50832720537816,3,2,5,mensuel,1,0,0,0
64,63,73.85571050643705,4,0,8,un_an,0,1,0,0
33,21,68.8142993343359,4,1,6,mensuel,1,0,0,0
70,52,70.32384496374542,4,1,3,mensuel,1,0,0,0
22,55,82.74062044265813,5,1,6,mensuel,1,0,0,0
52,26,95.29564092388307,1,0,7,un_an,0,1,0,0
29,68,57.72577901824906,3,0,6,un_an,0,1,0,0
42,34,74.54701279472947,2,0,10,un_an,0,1,0,0
69,52,70.85976416669959,4,2,6,mensuel,1,0,0,0
38,52,72.5522901265788,3,0,1,deux_ans,0,0,1,0
53,29,72.85195328931967,4,3,3,un_an,0,1,0,0
70,38,96.81006689129677,4,3,7,un_an,0,1,0,0
40,42,55.80646263021413,2,1,4,un_an,0,1,0,0
33,21,34.48528193592636,5,1,4,un_an,0,1,0,0
74,42,51.042524627682255,1,2,7,mensuel,1,0,0,0
56,13,80.1453386707081,5,2,9,deux_ans,0,0,1,0
62,64,65.46659017294354,3,3,2,deux_ans,0,0,1,0
70,17,55.64801319010008,5,3,9,mensuel,1,0,0,0
59,9,43.47005463180716,3,2,3,mensuel,1,0,0,1
56,41,69.42572243461065,3,3,6,deux_ans,0,0,1,0
31,1,77.89012550547618,1,0,4,mensuel,1,0,0,1
48,2,71.11744110192056,2,1,1,deux_ans,0,0,1,0
22,60,59.93339337690107,1,0,9,mensuel,1,0,0,0
52,48,67.93282568594925,5,1,6,mensuel,1,0,0,0
40,29,67.81685933114831,3,1,8,mensuel,1,0,0,0
46,10,68.79393862435325,4,2,2,mensuel,1,0,0,0
60,58,41.3139009796176,4,0,7,mensuel,1,0,0,0
28,60,68.94652701229755,3,2,6,mensuel,1,0,0,0
35,21,56.18807063067611,1,1,2,un_an,0,1,0,1
64,28,85.81237212019518,2,2,2,deux_ans,0,0,1,0
29,34,67.65837283500548,1,0,4,mensuel,1,0,0,0
26,8,81.70958443645785,3,0,4,mensuel,1,0,0,1
27,59,58.96437225900495,3,0,3,mensuel,1,0,0,0
61,49,59.68572324777083,2,1,8,mensuel,1,0,0,0
34,17,94.88502492512664,5,1,7,mensuel,1,0,0,0
55,60,73.72670376831016,5,2,2,mensuel,1,0,0,0
24,45,50.70970935188522,2,1,3,mensuel,1,0,0,0
63,69,82.93948877240949,5,1,10,mensuel,1,0,0,0
30,32,54.33390533144259,4,3,9,mensuel,1,0,0,1
57,44,69.51396275623046,5,2,5,un_an,0,1,0,0
59,65,101.73349261718809,5,1,2,mensuel,1,0,0,1
26,8,36.37435224723892,5,1,3,deux_ans,0,0,1,1
67,43,61.48436156466927,4,2,8,deux_ans,0,0,1,0
44,1,73.16543281804061,5,0,4,deux_ans,0,0,1,0
19,51,80.29396669329348,4,2,2,deux_ans,0,0,1,0
22,24,40.175321852782545,2,1,2,mensuel,1,0,0,0
46,24,34.28419462849964,1,2,6,mensuel,1,0,0,0
54,17,86.81498703980853,2,2,8,mensuel,1,0,0,0
55,5,50.59170286392325,1,1,7,un_an,0,1,0,0
36,20,49.7543498400537,2,2,4,deux_ans,0,0,1,0
25,21,96.00499345544333,1,0,2,deux_ans,0,0,1,0
65,58,66.39404629463645,1,2,9,mensuel,1,0,0,0
62,31,66.52476455363148,3,0,4,un_an,0,1,0,0
18,11,61.404011096969356,1,1,9,mensuel,1,0,0,0
39,52,40.5203586651366,1,2,5,mensuel,1,0,0,0
69,15,78.51393898788776,3,4,7,un_an,0,1,0,0
34,7,73.18901043851247,5,1,5,mensuel,1,0,0,0
24,28,68.37382650678865,5,0,2,deux_ans,0,0,1,0
42,51,62.67353921447484,3,0,6,mensuel,1,0,0,1
62,58,59.153607013234264,4,2,7,deux_ans,0,0,1,0
21,5,83.2496677909483,1,3,6,mensuel,1,0,0,1
53,5,62.1741387358781,1,1,3,un_an,0,1,0,0
23,8,63.718779229322216,3,0,10,un_an,0,1,0,0
48,64,75.59786309767547,3,1,8,deux_ans,0,0,1,0
36,10,69.15921861360772,4,0,3,mensuel,1,0,0,1
61,38,97.84552115080876,5,2,5,deux_ans,0,0,1,0
71,8,29.77266445053391,2,1,9,mensuel,1,0,0,0
56,25,70.99814876734526,5,1,5,mensuel,1,0,0,1
44,66,50.88788439055662,1,2,7,mensuel,1,0,0,0
27,50,46.15826930490141,3,1,7,un_an,0,1,0,0
43,67,55.85871587911305,4,3,5,mensuel,1,0,0,0
36,49,66.09358816963523,5,2,2,un_an,0,1,0,0
56,36,66.9813815184682,4,1,5,un_an,0,1,0,0
20,68,34.65387568643014,5,3,7,mensuel,1,0,0,0
62,41,54.17832340644361,1,0,7,deux_ans,0,0,1,1
30,62,70.62443102952918,2,2,4,mensuel,1,0,0,0
67,10,47.46139098432691,4,2,1,deux_ans,0,0,1,0
45,21,42.704321905669694,4,0,6,mensuel,1,0,0,0
37,36,20.0,2,0,3,mensuel,1,0,0,0
45,12,51.73613103249282,4,2,5,mensuel,1,0,0,0
25,2,42.007416020983726,4,3,4,mensuel,1,0,0,0
58,13,45.32134233779884,5,2,2,mensuel,1,0,0,0
56,53,59.56359393440694,5,2,7,mensuel,1,0,0,0
18,32,53.003422469142045,2,0,5,mensuel,1,0,0,0
20,16,41.67524212281388,1,1,7,mensuel,1,0,0,0
30,32,22.68316869533546,4,1,9,mensuel,1,0,0,0
45,32,71.04622610295286,1,0,4,un_an,0,1,0,0
74,11,80.05654427616946,2,1,5,un_an,0,1,0,0
66,10,57.06510042011253,2,0,9,deux_ans,0,0,1,0
42,15,59.68448607091446,5,2,10,un_an,0,1,0,0
73,17,65.05621031372246,4,2,4,un_an,0,1,0,0
50,40,96.57567153224504,3,2,5,un_an,0,1,0,0
55,18,33.64584412348458,2,0,5,mensuel,1,0,0,0
70,55,56.71020548254861,4,2,8,un_an,0,1,0,0
23,25,30.56054071734561,1,1,4,mensuel,1,0,0,0
61,59,72.24636917471118,5,0,4,deux_ans,0,0,1,0
62,22,62.120832124239776,1,1,7,un_an,0,1,0,1
49,30,69.05984225872155,2,0,5,mensuel,1,0,0,0
62,44,68.06245125182153,2,4,6,un_an,0,1,0,0
64,32,84.81416507407032,1,3,6,mensuel,1,0,0,0
38,51,75.76265929136932,2,5,6,mensuel,1,0,0,1
33,46,81.61015915320175,4,0,10,mensuel,1,0,0,0
71,21,43.68930620206112,2,2,5,un_an,0,1,0,0
38,32,88.86341729950288,5,2,5,un_an,0,1,0,0
28,39,50.55274521022001,4,0,9,un_an,0,1,0,0
54,12,51.702609147520384,3,2,8,mensuel,1,0,0,0
53,47,70.41685154705989,2,2,4,mensuel,1,0,0,0
52,18,71.03836526098553,2,0,7,un_an,0,1,0,0
36,21,43.56286395535043,5,2,8,mensuel,1,0,0,1
37,13,61.53441416452206,5,0,9,un_an,0,1,0,0
74,21,94.76470633738953,1,3,5,mensuel,1,0,0,0
35,8,35.6332687693181,1,2,3,mensuel,1,0,0,0
64,46,94.70438482025452,1,1,4,mensuel,1,0,0,0
58,7,60.1660309716702,5,3,10,un_an,0,1,0,0
66,23,20.0,1,2,6,mensuel,1,0,0,0
31,22,37.66536533034187,1,1,10,mensuel,1,0,0,0
32,22,45.73044924529613,3,1,5,mensuel,1,0,0,0
48,29,52.52141398434516,1,1,9,mensuel,1,0,0,0
18,13,62.90573482749324,2,1,3,mensuel,1,0,0,1
70,2,20.0,5,3,2,mensuel,1,0,0,0
71,29,68.73608784955307,4,2,6,un_an,0,1,0,0
71,52,43.898189833502315,3,2,7,mensuel,1,0,0,0
20,27,92.81045143202117,5,2,5,un_an,0,1,0,1
33,50,59.59646558512051,5,0,1,un_an,0,1,0,0
40,23,83.85692343465459,2,1,3,mensuel,1,0,0,0
74,44,87.20697959828587,1,0,3,mensuel,1,0,0,0
28,22,86.66546486932432,2,2,4,deux_ans,0,0,1,0
29,43,53.671865140750285,1,2,10,mensuel,1,0,0,1
27,37,53.415996845573524,1,3,6,mensuel,1,0,0,0
49,61,60.5005340142337,5,0,5,mensuel,1,0,0,0
33,56,77.72474750757851,1,3,1,un_an,0,1,0,1
25,3,54.78609460491675,3,1,6,un_an,0,1,0,1
55,63,62.614750528195046,3,0,9,deux_ans,0,0,1,0
29,19,70.471876326789,3,1,1,deux_ans,0,0,1,1
41,23,46.90216147904267,5,1,8,mensuel,1,0,0,0
45,29,45.63783423341765,2,0,8,mensuel,1,0,0,0
70,30,61.834722371920186,4,1,3,mensuel,1,0,0,0
25,39,64.48357629903283,1,4,9,mensuel,1,0,0,0
45,25,73.67770960003286,4,1,8,mensuel,1,0,0,0
53,8,78.43773149903112,2,1,3,mensuel,1,0,0,0
43,58,43.01874358856703,2,2,10,mensuel,1,0,0,0
25,16,48.7583013611287,5,1,5,mensuel,1,0,0,0
67,1,45.58495424873796,3,0,3,mensuel,1,0,0,0
45,5,93.24894803182843,3,1,5,deux_ans,0,0,1,0
45,3,62.59458819594929,2,0,9,un_an,0,1,0,0
54,65,65.32258590490042,5,1,4,deux_ans,0,0,1,0
58,4,66.15548728027025,5,1,6,mensuel,1,0,0,0
53,64,50.68659972564721,1,2,3,mensuel,1,0,0,0
44,10,96.28539037892061,3,1,3,mensuel,1,0,0,0
71,21,73.22053309637457,2,1,5,mensuel,1,0,0,0
34,46,65.79181059555899,4,2,8,mensuel,1,0,0,1
26,27,42.89487157698868,3,2,8,deux_ans,0,0,1,0
50,66,41.761350166875104,1,2,3,deux_ans,0,0,1,0
70,41,58.82184936788463,5,2,8,mensuel,1,0,0,0
37,13,51.0001641285634,2,0,8,mensuel,1,0,0,0
30,9,43.651113089068964,3,2,3,mensuel,1,0,0,0
45,36,57.580839608568894,4,1,10,mensuel,1,0,0,0
65,58,60.67143943448222,1,2,10,mensuel,1,0,0,0
46,54,67.8357084092054,1,3,2,mensuel,1,0,0,0
30,12,54.92161057251474,3,1,10,mensuel,1,0,0,0
63,14,44.84798610679938,4,2,2,mensuel,1,0,0,0
52,34,45.541582280175064,1,0,9,mensuel,1,0,0,0
23,53,89.25945458452375,2,0,7,mensuel,1,0,0,0
35,20,39.96484627276516,1,4,6,mensuel,1,0,0,0
68,16,72.2636459658254,4,1,7,deux_ans,0,0,1,0
22,70,75.39092659548791,5,1,8,mensuel,1,0,0,1
64,56,62.574490483286624,5,0,1,deux_ans,0,0,1,0
42,58,100.35658116810357,3,3,8,un_an,0,1,0,0
19,4,75.03437986055398,4,2,3,deux_ans,0,0,1,0
27,4,101.858060966093,1,2,3,un_an,0,1,0,0
73,20,51.97871996170255,1,1,6,un_an,0,1,0,0
47,10,52.32109180213163,5,2,4,deux_ans,0,0,1,0
67,24,75.5507431736003,5,0,4,mensuel,1,0,0,0
62,26,59.77068725361595,2,2,4,mensuel,1,0,0,0
22,37,98.71330849784036,5,2,10,deux_ans,0,0,1,0
72,54,71.83400767261875,2,2,9,un_an,0,1,0,0
73,21,44.10851560286569,1,2,8,deux_ans,0,0,1,1
50,38,30.263671829119488,2,2,3,un_an,0,1,0,1
71,46,63.43522815313471,2,2,1,deux_ans,0,0,1,0
18,4,63.21753740933533,3,0,1,un_an,0,1,0,1
35,60,71.27531846616775,5,1,1,un_an,0,1,0,0
49,57,89.21381147511806,2,1,4,mensuel,1,0,0,0
64,45,86.58226607987855,1,3,6,deux_ans,0,0,1,1
66,20,53.42197935327135,4,1,4,un_an,0,1,0,0
28,17,39.12361196391157,2,5,3,un_an,0,1,0,1
38,71,40.317577299818595,5,3,8,un_an,0,1,0,0
43,4,50.26396589357243,3,3,8,mensuel,1,0,0,0
42,14,57.66536903921962,1,2,6,mensuel,1,0,0,1
39,3,71.10124277930333,3,1,9,deux_ans,0,0,1,0
44,58,48.980648062080405,4,3,10,un_an,0,1,0,0
66,55,70.60783942226628,2,2,1,mensuel,1,0,0,1
30,4,72.24080291718104,2,0,8,mensuel,1,0,0,0
50,24,67.86687765191779,5,3,6,un_an,0,1,0,0
51,34,42.4275400597461,2,1,1,un_an,0,1,0,0
58,30,74.35653450471916,1,1,4,un_an,0,1,0,1
52,19,106.62539257533446,4,2,5,un_an,0,1,0,0
18,31,69.91793653825809,3,1,7,mensuel,1,0,0,0
38,60,20.0,4,0,8,mensuel,1,0,0,0
65,60,89.81759144093806,2,3,9,mensuel,1,0,0,0
72,19,50.94504446601227,3,3,6,un_an,0,1,0,0
23,49,110.31425380991385,5,3,10,mensuel,1,0,0,0
45,63,67.3272690273192,4,1,9,un_an,0,1,0,0
34,22,31.305986120283492,3,2,4,mensuel,1,0,0,0
22,24,23.706050200824947,3,0,8,mensuel,1,0,0,0
48,30,95.79481525351757,3,1,3,deux_ans,0,0,1,0
22,58,87.11809971834545,1,1,4,mensuel,1,0,0,0
55,31,109.52037771533381,4,1,10,un_an,0,1,0,0
20,64,65.21848971147111,3,1,4,mensuel,1,0,0,0
70,19,63.869402332406395,4,0,6,mensuel,1,0,0,0
40,48,57.34562415682885,3,4,9,mensuel,1,0,0,0
54,45,51.834195174815584,5,3,6,mensuel,1,0,0,0
70,55,57.151408910843685,5,3,1,un_an,0,1,0,0
54,55,69.34926664648059,5,5,5,mensuel,1,0,0,1
27,18,48.121984261757966,2,3,9,mensuel,1,0,0,0
27,63,31.614213062520328,3,3,5,mensuel,1,0,0,0
36,47,68.19753268028356,2,2,6,un_an,0,1,0,0
34,57,47.67608802613136,4,1,3,un_an,0,1,0,0
38,45,20.0,2,1,8,mensuel,1,0,0,0
31,33,76.05134781314021,4,2,10,un_an,0,1,0,1
26,17,42.838819237659436,4,0,4,un_an,0,1,0,0
63,70,78.2357890938147,4,2,4,un_an,0,1,0,0
18,4,77.75696213031962,2,4,5,mensuel,1,0,0,0
68,20,70.67180023045665,3,2,10,un_an,0,1,0,0
62,47,114.93635680712993,2,3,9,un_an,0,1,0,0
30,15,62.23896300055245,3,0,8,un_an,0,1,0,0
21,70,59.287208650028234,3,0,7,un_an,0,1,0,0
18,47,78.67344842833835,4,2,5,deux_ans,0,0,1,0
66,9,63.89105275772415,2,3,9,mensuel,1,0,0,0
57,16,88.20987074788019,3,2,9,deux_ans,0,0,1,0
49,69,39.62388184848955,5,0,10,mensuel,1,0,0,0
51,61,39.9565110507132,3,1,10,un_an,0,1,0,0
45,10,80.31618982652435,5,1,2,mensuel,1,0,0,0
48,50,41.70378121322793,2,2,4,mensuel,1,0,0,0
25,3,77.18197212885428,2,1,8,un_an,0,1,0,0
56,70,72.40005692420732,2,1,1,un_an,0,1,0,0
43,51,51.110234279446736,3,2,5,mensuel,1,0,0,1
51,19,72.34340320466868,1,2,8,mensuel,1,0,0,0
71,42,40.30815108431521,3,1,2,mensuel,1,0,0,1
71,35,45.002001474725986,3,0,2,deux_ans,0,0,1,0
20,46,60.25624523175868,4,1,8,deux_ans,0,0,1,0
67,26,66.57855638144441,4,2,10,mensuel,1,0,0,0
29,69,58.92722926024285,3,2,9,deux_ans,0,0,1,0
18,64,73.66231927746222,5,1,7,deux_ans,0,0,1,0
71,37,72.76932830096582,4,0,8,mensuel,1,0,0,0
61,49,95.58733616696288,3,3,5,un_an,0,1,0,0
22,21,63.09429305709991,1,4,1,mensuel,1,0,0,0
47,64,88.89126862368258,5,0,4,un_an,0,1,0,0
47,5,83.41451025787786,2,2,2,mensuel,1,0,0,0
74,70,110.87954566586296,3,6,3,mensuel,1,0,0,1
34,4,62.45483960195451,3,1,3,mensuel,1,0,0,0
65,39,56.592825570940235,5,3,9,mensuel,1,0,0,0
64,35,90.15388444487466,4,1,10,un_an,0,1,0,0
40,1,72.70865143482524,4,0,4,mensuel,1,0,0,1
32,24,90.63318433567798,4,1,2,mensuel,1,0,0,0
54,57,79.33597595979,2,2,3,deux_ans,0,0,1,0
38,70,22.864758172010085,5,1,3,mensuel,1,0,0,0
31,41,72.52643554062365,5,2,7,mensuel,1,0,0,0
19,54,71.22431795902979,4,1,8,deux_ans,0,0,1,0
28,46,67.66213804927926,4,3,6,deux_ans,0,0,1,0
68,60,62.355138917532344,1,2,4,mensuel,1,0,0,0
56,60,33.157129444113444,1,2,6,mensuel,1,0,0,1
55,57,82.48353834476646,3,3,1,deux_ans,0,0,1,0
51,31,72.47536856186989,3,0,10,mensuel,1,0,0,0
55,24,87.03913394794849,5,2,8,mensuel,1,0,0,0
67,36,34.22488951449494,5,2,1,mensuel,1,0,0,0
51,30,75.14268979090537,2,2,5,mensuel,1,0,0,1
35,24,60.306813249068746,2,5,2,un_an,0,1,0,0
47,30,67.87576019851059,1,2,6,un_an,0,1,0,0
32,7,60.53680731638218,3,0,9,deux_ans,0,0,1,0
44,35,75.8721585496026,1,2,5,un_an,0,1,0,0
68,55,61.7425375801684,1,4,4,mensuel,1,0,0,0
51,14,43.961701498886214,3,0,2,mensuel,1,0,0,0
69,10,66.72850837572382,2,1,3,deux_ans,0,0,1,0
74,16,60.71650925728999,3,3,6,mensuel,1,0,0,0
55,54,63.33212757742233,4,1,8,mensuel,1,0,0,0
50,70,20.0,4,0,8,deux_ans,0,0,1,0
41,44,78.65272167137411,4,1,5,un_an,0,1,0,0
32,45,58.706727653064384,5,1,5,mensuel,1,0,0,0
47,56,38.036928519634685,2,2,10,deux_ans,0,0,1,0
72,57,83.45127033696284,2,0,3,deux_ans,0,0,1,0
59,21,77.72731455505861,5,1,7,mensuel,1,0,0,1
68,68,58.453596074502876,1,1,6,deux_ans,0,0,1,0
34,50,41.95661240959963,4,2,1,mensuel,1,0,0,0
22,33,68.56061469358745,4,4,4,mensuel,1,0,0,0
46,7,67.46212169175219,1,2,6,deux_ans,0,0,1,0
21,70,83.48668565983564,3,0,6,deux_ans,0,0,1,0
27,15,56.1252897027902,3,2,3,mensuel,1,0,0,0
73,32,88.89844269729991,2,1,6,mensuel,1,0,0,0
34,20,54.19493993328466,5,1,10,mensuel,1,0,0,0
27,15,38.08336430915156,2,0,6,un_an,0,1,0,0
34,48,42.35434489045438,3,1,9,mensuel,1,0,0,0
37,71,63.75176921728769,1,1,9,mensuel,1,0,0,0
41,21,63.68970981882536,2,1,2,mensuel,1,0,0,1
22,42,71.55722281501552,4,2,4,mensuel,1,0,0,1
51,26,63.19251937763117,4,1,9,mensuel,1,0,0,0
23,14,84.54637032128659,1,1,4,un_an,0,1,0,0
70,57,59.77811803074847,3,3,8,mensuel,1,0,0,0
19,37,25.074474702571678,4,2,10,mensuel,1,0,0,0
30,58,62.57806623068412,4,1,3,deux_ans,0,0,1,0
60,21,24.864426244670376,5,4,3,un_an,0,1,0,0
60,69,70.42781961995395,2,1,9,mensuel,1,0,0,0
65,3,86.14385997969832,3,1,10,mensuel,1,0,0,0
28,37,45.275510274349614,2,1,8,un_an,0,1,0,0
68,49,93.37113372783702,3,0,1,mensuel,1,0,0,1
64,19,81.85662489456863,4,1,10,un_an,0,1,0,0
74,12,89.1296031083011,5,0,2,mensuel,1,0,0,1
40,61,68.79127712869263,2,1,3,mensuel,1,0,0,0
72,41,45.14469648496359,4,1,2,mensuel,1,0,0,0
33,33,80.61630855628275,3,3,3,un_an,0,1,0,0
48,50,52.507981864633194,2,2,8,deux_ans,0,0,1,1
28,68,67.3576901220671,2,0,6,mensuel,1,0,0,0
71,71,61.57298014392763,4,1,7,mensuel,1,0,0,0
33,33,87.49391713593792,2,2,10,mensuel,1,0,0,0
25,24,79.60654011846658,5,2,10,mensuel,1,0,0,0
21,61,63.38868403375258,5,6,6,deux_ans,0,0,1,0
57,61,25.967856129196946,4,1,1,mensuel,1,0,0,0
21,28,52.29545066941598,3,2,3,deux_ans,0,0,1,1
73,58,79.08444578968835,4,4,1,un_an,0,1,0,1
42,43,70.6022052209317,5,0,10,deux_ans,0,0,1,0
20,41,34.935561311742774,1,0,9,un_an,0,1,0,0
49,39,28.868240550622218,1,1,9,mensuel,1,0,0,0
20,49,68.91018300314913,2,3,5,mensuel,1,0,0,0
44,17,43.85885664568448,2,0,4,mensuel,1,0,0,1
46,70,45.78407078324846,1,0,9,mensuel,1,0,0,0
49,70,78.45215457565308,5,1,9,mensuel,1,0,0,0
67,65,89.04477560831347,2,0,3,mensuel,1,0,0,0
68,5,49.98595945927403,4,1,5,deux_ans,0,0,1,0
36,2,64.10479384775653,4,2,3,mensuel,1,0,0,1
38,22,63.51506668031279,5,2,10,un_an,0,1,0,1
22,57,61.71591790606966,2,2,2,deux_ans,0,0,1,0
35,66,65.81196952312597,4,2,1,deux_ans,0,0,1,1
45,16,80.12997855680312,2,0,10,mensuel,1,0,0,0
59,51,51.52151306540809,2,1,2,mensuel,1,0,0,0
39,39,34.49444930967867,4,0,8,mensuel,1,0,0,0
38,40,98.80019867207521,1,2,8,mensuel,1,0,0,1
23,38,86.78843848980101,4,2,3,mensuel,1,0,0,0
18,60,42.927242575012045,5,2,7,un_an,0,1,0,0
22,59,67.71264017551907,3,1,7,mensuel,1,0,0,0
58,10,85.2140432917222,4,3,2,mensuel,1,0,0,1
29,64,79.98087889052078,2,2,9,deux_ans,0,0,1,0
43,63,74.2402661985857,2,2,3,mensuel,1,0,0,0
63,49,61.59546216816513,4,3,2,mensuel,1,0,0,0
51,64,99.54607850123915,3,2,3,un_an,0,1,0,0
66,32,69.4171774491892,4,0,2,mensuel,1,0,0,1
31,7,54.70081481358619,3,1,8,un_an,0,1,0,0
43,21,82.4215145769119,3,1,5,mensuel,1,0,0,0
62,20,66.92117283902842,5,1,3,deux_ans,0,0,1,0
44,26,71.99595454507245,2,0,5,mensuel,1,0,0,0
26,68,69.06298403182414,2,0,8,mensuel,1,0,0,0
43,15,74.93551147533819,3,0,7,un_an,0,1,0,0
74,14,45.43087493201586,2,2,6,mensuel,1,0,0,0
64,27,35.97787225659984,1,5,1,mensuel,1,0,0,0
74,40,93.68265446467169,3,2,10,mensuel,1,0,0,0
39,58,69.99169123578338,2,1,1,mensuel,1,0,0,1
64,28,80.41694554817158,1,2,1,mensuel,1,0,0,0
73,26,29.804815596447476,5,1,10,un_an,0,1,0,0
47,63,86.33366217429005,2,3,8,un_an,0,1,0,0
60,66,54.57028709288465,1,0,8,un_an,0,1,0,0
65,25,48.87563666381911,4,0,7,mensuel,1,0,0,0
34,3,63.73253664736027,4,0,6,mensuel,1,0,0,1
43,44,45.440395789149505,1,1,4,un_an,0,1,0,0
53,42,64.96536603548786,3,2,1,deux_ans,0,0,1,0
18,6,62.27323305971027,3,0,9,mensuel,1,0,0,0
25,39,86.20791810467765,2,1,1,mensuel,1,0,0,0
66,52,95.26689004278938,4,0,4,mensuel,1,0,0,0
52,23,94.63031585683166,3,0,3,mensuel,1,0,0,1
69,50,20.0,3,2,7,un_an,0,1,0,0
32,43,46.296663403134296,4,1,5,mensuel,1,0,0,0
64,19,20.0,5,2,5,un_an,0,1,0,0
73,69,41.12915451129938,3,2,4,mensuel,1,0,0,0
39,51,52.00963578192337,1,1,1,mensuel,1,0,0,0
31,11,73.21123230453887,2,1,5,un_an,0,1,0,1
43,12,54.601335310149196,3,1,4,mensuel,1,0,0,1
45,8,55.158598581027086,3,1,10,mensuel,1,0,0,0
40,24,68.63529366399527,5,0,8,deux_ans,0,0,1,0
31,41,30.813807095843785,1,3,2,deux_ans,0,0,1,0
41,36,48.22813694072273,2,0,8,un_an,0,1,0,0
19,55,54.928867483652546,3,2,1,mensuel,1,0,0,0
62,9,60.951960227373114,2,1,4,mensuel,1,0,0,1
43,47,66.5390798045109,4,5,3,deux_ans,0,0,1,1
31,15,95.01299579466084,3,1,5,mensuel,1,0,0,1
73,48,83.1667232216219,3,2,5,deux_ans,0,0,1,0
68,42,49.61379951016131,4,1,5,mensuel,1,0,0,0
24,60,59.77341881097064,5,1,4,mensuel,1,0,0,1
20,70,58.41121725815753,3,1,8,deux_ans,0,0,1,0
64,12,54.71694966958513,2,1,3,mensuel,1,0,0,0
40,2,70.4503165164182,1,1,4,mensuel,1,0,0,0
63,7,27.804408940581837,2,0,1,mensuel,1,0,0,0
60,3,82.61428776012968,5,1,7,mensuel,1,0,0,0
64,3,98.8710158143071,1,1,1,mensuel,1,0,0,0
62,27,59.60318918656366,2,2,2,mensuel,1,0,0,0
35,40,59.212711497643426,2,0,7,mensuel,1,0,0,1
55,33,68.14088494417342,4,2,1,un_an,0,1,0,1
52,1,85.3877195392042,5,2,3,mensuel,1,0,0,0
68,8,58.51412566365515,4,1,6,deux_ans,0,0,1,0
32,32,83.67890332203473,1,1,6,mensuel,1,0,0,0
42,48,74.76989344906485,4,3,6,un_an,0,1,0,0
72,4,112.2322288800938,5,3,2,mensuel,1,0,0,0
54,70,58.42675969675408,3,1,2,un_an,0,1,0,0
45,19,25.479991045583326,3,2,6,deux_ans,0,0,1,0
27,32,36.341217586289716,1,0,10,un_an,0,1,0,0
56,9,65.23856474800314,3,3,5,un_an,0,1,0,0
74,12,85.55764188041503,4,1,7,mensuel,1,0,0,0
34,11,51.949817191585524,1,2,7,un_an,0,1,0,0
56,46,60.381351002493396,5,0,5,deux_ans,0,0,1,1
39,16,78.69685474663152,1,1,8,deux_ans,0,0,1,0
43,1,45.695347982430846,1,1,10,mensuel,1,0,0,1
61,63,52.774612016103646,2,2,6,deux_ans,0,0,1,0
42,21,41.645466247794786,2,1,5,mensuel,1,0,0,0
34,30,88.56456185765124,1,1,4,mensuel,1,0,0,0
30,13,95.83345623592734,3,3,7,mensuel,1,0,0,0
37,34,33.4117002101388,2,2,4,mensuel,1,0,0,0
42,4,62.15629002023554,5,1,5,un_an,0,1,0,1
21,28,93.1451795012989,4,3,5,deux_ans,0,0,1,0
27,59,72.97390367244475,2,2,1,un_an,0,1,0,0
20,27,55.215215340018105,1,0,1,un_an,0,1,0,1
58,69,34.07675760778203,3,0,3,mensuel,1,0,0,0
62,25,88.05889103645728,4,1,3,un_an,0,1,0,0
35,3,72.21030429888995,2,1,2,mensuel,1,0,0,0
64,68,35.540272245164886,3,1,2,un_an,0,1,0,0
53,25,88.79782107749982,3,1,6,un_an,0,1,0,0
64,20,32.991928764842605,3,1,1,un_an,0,1,0,1
39,34,60.59027691665177,1,1,6,mensuel,1,0,0,0
51,26,59.70770593255742,5,3,5,deux_ans,0,0,1,0
64,5,97.3676265769567,3,1,6,mensuel,1,0,0,0
25,61,59.77907616239695,4,2,5,mensuel,1,0,0,0
57,9,59.7071462739855,2,0,7,un_an,0,1,0,0
66,50,37.73843310204612,4,0,1,mensuel,1,0,0,0
61,6,52.192046418827886,1,0,3,deux_ans,0,0,1,0
36,60,48.65409078238715,1,3,6,mensuel,1,0,0,0
59,44,49.69555267990614,4,2,1,mensuel,1,0,0,0
58,11,65.12569049783747,5,1,7,deux_ans,0,0,1,0
54,66,20.0,1,0,4,mensuel,1,0,0,0
23,47,34.795395091662044,1,0,3,mensuel,1,0,0,0
69,3,62.77962252785691,4,2,10,mensuel,1,0,0,1
43,30,67.42509366207864,1,2,9,mensuel,1,0,0,1
51,21,60.331344027122086,5,0,1,un_an,0,1,0,0
73,28,64.18411020430078,5,2,8,mensuel,1,0,0,0
62,62,56.817667726894975,5,2,1,deux_ans,0,0,1,0
23,33,64.62990793540675,2,1,5,un_an,0,1,0,0
54,35,73.68284440524432,5,1,10,mensuel,1,0,0,0
74,52,73.54267457375322,5,2,8,un_an,0,1,0,0
50,34,51.22083177083009,2,3,6,un_an,0,1,0,0
70,41,83.30189479165901,3,3,7,mensuel,1,0,0,0
39,51,68.14217389006639,1,2,8,mensuel,1,0,0,0
38,47,89.64427912679538,5,2,6,mensuel,1,0,0,0
23,58,93.65744862534163,1,2,6,un_an,0,1,0,0
23,57,36.14546557253508,4,2,6,un_an,0,1,0,0
72,23,47.81944922262582,1,4,5,mensuel,1,0,0,0
65,48,81.270960799411,2,0,8,un_an,0,1,0,0
21,22,31.70215159742105,1,1,2,un_an,0,1,0,0
47,17,93.40353925386746,1,1,7,un_an,0,1,0,1
28,69,58.122356103746746,1,0,4,un_an,0,1,0,0
47,11,76.50066070218037,3,1,1,mensuel,1,0,0,0
48,15,62.672186742784476,3,3,5,deux_ans,0,0,1,0
41,35,37.15220944432626,4,2,3,un_an,0,1,0,0
72,33,86.1108920426395,2,0,4,un_an,0,1,0,0
26,16,120.0144606107466,1,3,7,mensuel,1,0,0,0
72,34,54.69983447288617,1,3,5,mensuel,1,0,0,1
20,66,58.552828983095154,1,1,4,mensuel,1,0,0,0
68,40,20.0,1,4,1,mensuel,1,0,0,0
48,28,92.03005806912242,3,1,6,un_an,0,1,0,0
57,47,83.23530645684005,4,3,10,mensuel,1,0,0,0
54,39,30.332322758901718,5,2,6,un_an,0,1,0,0
53,70,23.702290759062272,2,3,7,un_an,0,1,0,0
41,20,26.0153743366947,1,1,1,un_an,0,1,0,0
48,1,77.90338250745637,4,1,4,mensuel,1,0,0,1
23,63,79.89982839228165,5,0,9,deux_ans,0,0,1,0
19,67,46.533321112624236,4,1,10,un_an,0,1,0,0
37,4,74.98520062765597,3,4,6,un_an,0,1,0,1
45,58,68.17754241982306,5,1,2,mensuel,1,0,0,0
28,25,57.65460586291563,4,2,4,mensuel,1,0,0,1
21,47,84.403936533706,3,2,6,mensuel,1,0,0,0
32,38,40.90128797543923,4,1,4,mensuel,1,0,0,0
23,15,87.9507842718779,4,3,10,mensuel,1,0,0,0
71,63,50.42956891971295,5,1,7,un_an,0,1,0,0
66,21,100.63073363934089,3,0,3,un_an,0,1,0,0
47,57,44.89387953037067,1,5,6,mensuel,1,0,0,0
73,53,57.96855842799746,2,1,4,mensuel,1,0,0,0
55,46,66.17174275084706,5,1,3,deux_ans,0,0,1,0
68,14,66.04637095644966,3,1,3,mensuel,1,0,0,1
74,17,74.81657001236191,4,1,2,un_an,0,1,0,0
19,39,39.28635163506645,3,1,3,mensuel,1,0,0,1
32,9,64.2537518350673,2,0,10,mensuel,1,0,0,0
28,6,67.76263412805442,2,2,1,mensuel,1,0,0,0
25,23,54.44523551943746,1,2,3,un_an,0,1,0,0
43,59,73.08117234918835,1,1,9,mensuel,1,0,0,0
68,46,38.072601730244386,2,3,4,deux_ans,0,0,1,0
62,38,58.47092221898633,5,1,3,mensuel,1,0,0,0
61,14,49.93631751192668,5,0,8,mensuel,1,0,0,0
22,62,58.531381409019616,4,3,1,un_an,0,1,0,0
23,35,93.94070919842406,1,3,5,mensuel,1,0,0,1
43,19,94.32911452314801,4,0,1,un_an,0,1,0,0
71,30,90.4083292116244,1,1,7,mensuel,1,0,0,0
21,25,55.754854398382975,2,2,5,mensuel,1,0,0,0
36,40,83.15236553600414,5,1,2,un_an,0,1,0,0
37,14,67.24724253851608,5,0,1,deux_ans,0,0,1,0
50,26,65.91179407006017,2,0,7,mensuel,1,0,0,0
37,22,63.45277304761662,4,2,1,un_an,0,1,0,0
66,48,100.1683571475825,4,3,3,mensuel,1,0,0,0
29,51,92.31677211112927,3,0,6,un_an,0,1,0,0
64,3,79.89792836894195,1,0,6,un_an,0,1,0,0
18,42,61.59398068978747,4,1,7,mensuel,1,0,0,0
43,19,65.79121516509124,2,3,1,mensuel,1,0,0,0
31,28,75.61133209075469,4,0,7,mensuel,1,0,0,0
55,45,54.56782176291955,5,5,2,mensuel,1,0,0,0
54,71,83.76631431929007,1,1,6,mensuel,1,0,0,0
28,63,46.57509777114187,3,1,8,un_an,0,1,0,0
53,19,72.8368737599481,1,3,5,deux_ans,0,0,1,0
30,47,20.0,5,1,10,mensuel,1,0,0,0
60,14,53.987629467957404,5,0,3,mensuel,1,0,0,1
20,38,106.55354265838886,5,1,8,un_an,0,1,0,0
50,53,85.72382988783822,5,1,8,deux_ans,0,0,1,0
23,61,95.70936899869048,2,1,4,mensuel,1,0,0,1
67,36,51.653846652912364,3,2,8,mensuel,1,0,0,1
73,40,67.07545673600872,5,1,5,mensuel,1,0,0,0
27,30,90.63984506188609,5,0,5,mensuel,1,0,0,0
22,9,77.66189869410753,4,2,3,mensuel,1,0,0,1
40,64,75.17131754716638,3,1,7,mensuel,1,0,0,0
27,33,97.61163940660126,1,2,9,mensuel,1,0,0,0
61,52,44.19090068772144,3,2,9,un_an,0,1,0,0
19,14,61.31523921108994,3,1,1,mensuel,1,0,0,0
30,53,29.918288746612916,3,1,1,mensuel,1,0,0,0
57,59,43.097878961287975,5,0,10,mensuel,1,0,0,0
19,41,86.48370784357942,5,2,5,deux_ans,0,0,1,1
37,68,46.65301467615753,2,1,1,deux_ans,0,0,1,0
18,68,79.71048508250195,1,4,4,mensuel,1,0,0,0
54,8,98.16970083936161,4,1,1,mensuel,1,0,0,1
26,2,61.441236500161224,3,3,2,un_an,0,1,0,0
34,41,75.39726879599625,1,1,2,mensuel,1,0,0,1
26,55,79.86624259085839,1,2,4,mensuel,1,0,0,0
28,16,40.57009873866869,2,2,8,mensuel,1,0,0,0
32,62,52.67095309397906,4,4,2,deux_ans,0,0,1,0
41,48,44.926775766563956,3,1,9,deux_ans,0,0,1,0
55,30,54.26553779833942,4,0,9,un_an,0,1,0,0
72,12,79.32221396162198,2,3,2,mensuel,1,0,0,0
52,35,53.09606538115417,5,6,1,deux_ans,0,0,1,0
47,11,64.29693546136366,1,1,10,deux_ans,0,0,1,0
48,64,44.15076766137529,3,0,10,deux_ans,0,0,1,0
66,50,89.52844329067403,5,1,9,mensuel,1,0,0,0
22,21,54.09780019553326,2,1,2,mensuel,1,0,0,0
61,69,95.45961103819909,4,0,8,un_an,0,1,0,0
67,48,66.2185818769872,1,1,3,mensuel,1,0,0,0
31,20,36.86000844073841,3,1,1,mensuel,1,0,0,0
70,67,61.57946506908751,5,4,1,mensuel,1,0,0,0
73,44,43.74446345067671,5,4,10,deux_ans,0,0,1,0
28,33,76.78698754756306,1,2,2,deux_ans,0,0,1,0
26,61,59.77274435346267,4,0,7,mensuel,1,0,0,0
51,9,68.26420510054709,2,1,6,deux_ans,0,0,1,0
29,68,57.612937799068746,4,1,2,un_an,0,1,0,0
52,35,53.89315392273349,4,2,4,un_an,0,1,0,0
52,65,45.52755980768746,4,0,2,mensuel,1,0,0,0
18,8,81.72445873643059,1,5,1,mensuel,1,0,0,0
57,45,61.53693796400604,1,2,3,mensuel,1,0,0,0
39,47,58.70618212603232,2,2,4,mensuel,1,0,0,0
46,40,61.035722031156794,4,1,10,un_an,0,1,0,1
25,54,51.422764130284506,1,1,5,mensuel,1,0,0,0
28,46,58.7729714644795,2,0,5,deux_ans,0,0,1,0
58,47,69.11259629386976,2,3,7,mensuel,1,0,0,0
54,15,44.3172600188647,4,4,10,mensuel,1,0,0,0
31,19,47.212960138415845,3,2,8,mensuel,1,0,0,0
47,26,92.56568187245347,4,1,9,mensuel,1,0,0,1
52,52,57.744869344008876,3,3,7,mensuel,1,0,0,0
38,22,53.96878382151981,2,1,5,un_an,0,1,0,0
54,21,38.12256788881449,1,2,9,mensuel,1,0,0,0
22,51,82.01355274948479,5,1,8,un_an,0,1,0,0
36,38,43.881483729783135,2,0,10,un_an,0,1,0,0
31,20,64.69414678077084,1,0,9,mensuel,1,0,0,0
43,29,30.83629861366819,2,3,10,un_an,0,1,0,0
21,51,81.36345600728234,4,2,8,deux_ans,0,0,1,0
42,4,88.5371248723716,3,0,6,mensuel,1,0,0,0
62,55,74.69040690956031,2,3,4,mensuel,1,0,0,1
59,71,34.31039737189407,1,1,9,deux_ans,0,0,1,0
42,28,81.77524287818461,4,1,9,mensuel,1,0,0,1
35,4,48.45302000719295,5,1,10,mensuel,1,0,0,0
57,22,41.58056242556775,4,1,10,deux_ans,0,0,1,0
25,45,57.33077908484693,3,2,9,mensuel,1,0,0,0
56,67,56.93264653307021,4,0,10,mensuel,1,0,0,0
57,66,54.89902697639421,5,0,3,deux_ans,0,0,1,0
31,34,90.47348495809388,1,1,3,deux_ans,0,0,1,0
49,55,105.23651992885253,2,1,6,mensuel,1,0,0,1
68,1,37.617269253010704,3,1,6,mensuel,1,0,0,0
55,38,51.22335211350819,5,1,6,un_an,0,1,0,0
50,6,67.85496672089913,3,3,5,un_an,0,1,0,0
40,25,57.22567018125545,4,2,5,mensuel,1,0,0,0
32,17,72.98797498557032,3,2,2,mensuel,1,0,0,0
50,61,83.3197071189159,5,0,7,mensuel,1,0,0,1
42,12,79.98731884540082,2,0,4,deux_ans,0,0,1,0
34,6,77.19467135699664,2,2,3,deux_ans,0,0,1,0
50,27,98.18191041839447,3,0,8,deux_ans,0,0,1,0
64,8,33.221054341677814,1,2,4,deux_ans,0,0,1,0
72,65,94.60217583909231,3,3,4,un_an,0,1,0,0
19,57,56.740167318205124,4,3,8,mensuel,1,0,0,1
31,40,80.70250441351254,2,1,1,un_an,0,1,0,0
70,14,44.40667543441113,2,2,9,un_an,0,1,0,0
57,35,46.83007216213444,2,1,7,mensuel,1,0,0,0
57,48,78.24234582964056,1,3,2,mensuel,1,0,0,0
68,56,26.42539954500309,1,2,6,deux_ans,0,0,1,0
56,49,84.78884156576625,5,1,8,mensuel,1,0,0,0
68,13,90.19927004683176,3,2,5,mensuel,1,0,0,0
23,61,68.55569707657921,3,0,6,un_an,0,1,0,0
23,49,67.83522071157114,4,1,10,un_an,0,1,0,0
20,46,48.32727710183096,2,0,8,mensuel,1,0,0,0
24,62,78.48898804807337,1,0,6,un_an,0,1,0,0
68,8,71.95330492814853,4,2,9,mensuel,1,0,0,0
25,43,46.56989207952354,4,3,9,mensuel,1,0,0,0
59,20,57.17040099823616,1,2,9,mensuel,1,0,0,0
69,39,61.81329150608393,3,2,6,un_an,0,1,0,0
32,49,57.14395606961626,2,0,9,deux_ans,0,0,1,0
64,64,37.741771733000505,3,1,3,un_an,0,1,0,0
46,62,78.98040617167791,4,0,5,deux_ans,0,0,1,0
50,54,60.12979088196211,2,1,2,mensuel,1,0,0,0
69,9,65.3072955178662,5,3,8,mensuel,1,0,0,0
47,37,53.434668252051466,4,1,4,un_an,0,1,0,0
56,49,74.5054294794398,3,0,6,mensuel,1,0,0,0
44,41,68.97392368762807,3,1,6,un_an,0,1,0,0
53,17,89.25568778260836,3,0,5,un_an,0,1,0,0
46,21,74.61197425877968,1,0,1,deux_ans,0,0,1,0
55,51,60.946311963257784,4,1,7,mensuel,1,0,0,0
74,59,50.20566364994879,2,0,10,mensuel,1,0,0,0
50,39,82.31905367833289,3,2,8,mensuel,1,0,0,0
54,55,59.34847802427085,3,0,1,mensuel,1,0,0,1
44,41,61.56564866807558,1,4,10,un_an,0,1,0,0
72,39,61.56056787414651,2,1,7,mensuel,1,0,0,0
50,13,56.96784578685741,4,3,4,mensuel,1,0,0,0
21,64,61.90922011540261,5,0,6,mensuel,1,0,0,0
39,11,103.52415125465156,1,3,9,mensuel,1,0,0,1
19,19,44.043558917446155,4,1,5,mensuel,1,0,0,0
27,11,48.7099157847678,5,2,8,mensuel,1,0,0,0
22,46,92.686488363085,3,3,5,mensuel,1,0,0,0
27,45,57.50391231009856,3,2,2,mensuel,1,0,0,1
50,1,55.9875743185021,2,0,4,mensuel,1,0,0,0
71,40,85.69727713546868,5,1,2,mensuel,1,0,0,0
55,19,36.59608765436498,3,2,7,mensuel,1,0,0,0
30,61,81.42908858506811,3,2,7,mensuel,1,0,0,0
48,12,65.91232858643087,2,1,3,un_an,0,1,0,0
64,61,74.29604261663954,4,0,7,un_an,0,1,0,0
53,33,73.92061910504252,3,2,1,un_an,0,1,0,1
62,45,52.44034827034724,1,3,1,mensuel,1,0,0,1
41,69,86.02367560299813,1,5,9,mensuel,1,0,0,0
69,8,53.99724577043862,4,1,6,un_an,0,1,0,1
73,25,73.17698037997484,5,1,5,mensuel,1,0,0,0
32,46,89.75448971058273,2,1,6,un_an,0,1,0,0
46,30,92.57803399692939,1,1,6,mensuel,1,0,0,0
25,47,59.65747328118615,1,4,1,mensuel,1,0,0,1
22,49,74.26270548482022,4,1,5,un_an,0,1,0,0
46,47,57.81022419592761,5,3,9,mensuel,1,0,0,0
64,18,115.07592454537547,5,0,4,mensuel,1,0,0,0
21,66,80.60252011747637,4,1,3,mensuel,1,0,0,0
29,68,66.68116871673871,1,1,1,mensuel,1,0,0,0
62,33,71.25124346915486,2,1,2,mensuel,1,0,0,0
19,36,73.14210830892135,1,1,3,un_an,0,1,0,0
44,19,73.73487081566964,5,3,4,un_an,0,1,0,0
48,28,60.20003564706886,1,0,7,un_an,0,1,0,0
68,40,57.113454015296504,2,3,6,mensuel,1,0,0,0
68,15,61.962932765470136,3,2,8,deux_ans,0,0,1,0
53,41,42.20616589905585,1,1,9,un_an,0,1,0,0
53,39,79.3654881394892,4,3,6,mensuel,1,0,0,0
43,2,48.96589914702055,3,1,7,un_an,0,1,0,0
60,63,43.80099842030567,4,2,4,un_an,0,1,0,0
44,29,64.71291066871703,4,1,2,un_an,0,1,0,0
22,66,62.397547406202264,4,0,9,mensuel,1,0,0,0
37,51,69.99268951577977,1,1,9,mensuel,1,0,0,0
28,10,53.63589261207181,5,1,4,deux_ans,0,0,1,0
27,14,57.14914883538053,3,0,3,mensuel,1,0,0,1
57,51,78.84239010176981,2,1,10,un_an,0,1,0,0
55,39,77.62434400990388,5,1,6,un_an,0,1,0,0
23,28,76.79050092353356,1,3,3,un_an,0,1,0,0
25,3,65.67935224702964,4,1,1,mensuel,1,0,0,0
40,70,68.3784524666455,2,1,4,un_an,0,1,0,0
64,27,69.60877775421007,3,1,1,mensuel,1,0,0,0
43,2,51.87916520382047,5,1,2,un_an,0,1,0,0
63,38,94.48093200292202,5,1,3,un_an,0,1,0,0
60,3,91.63176064975399,2,3,8,mensuel,1,0,0,1
29,16,80.88491182001934,1,3,10,un_an,0,1,0,1
43,40,56.48276827196805,3,1,4,mensuel,1,0,0,0
30,2,75.78288235900301,2,2,4,mensuel,1,0,0,0
57,41,84.56739875539543,4,2,10,mensuel,1,0,0,0
35,12,40.53606196557713,3,5,9,mensuel,1,0,0,0
42,35,98.89023523396995,5,2,7,mensuel,1,0,0,0
50,65,30.212247776884098,2,2,2,mensuel,1,0,0,0
64,55,79.0921163941815,5,2,3,un_an,0,1,0,1
57,45,94.06564612504938,5,2,4,un_an,0,1,0,0
60,62,62.73873071945938,5,4,4,un_an,0,1,0,0
29,49,61.99071200353853,1,1,10,mensuel,1,0,0,1
61,25,78.35321585293846,5,1,8,deux_ans,0,0,1,0
53,23,102.03763783867744,4,0,10,un_an,0,1,0,0
65,24,59.37864724117268,4,6,10,mensuel,1,0,0,0
21,38,49.380896162681104,3,0,6,un_an,0,1,0,0
22,28,56.52449088784015,5,3,3,mensuel,1,0,0,0
73,21,33.949720154275596,5,1,9,un_an,0,1,0,0
54,54,82.95515797430312,2,1,10,mensuel,1,0,0,0
25,18,54.718338945722806,1,0,8,mensuel,1,0,0,0
59,36,60.83321691868889,3,1,9,deux_ans,0,0,1,0
66,45,83.19242262838013,5,1,5,mensuel,1,0,0,0
45,53,57.46179351180302,2,1,3,mensuel,1,0,0,1
48,30,80.18180790776793,1,2,4,deux_ans,0,0,1,0
26,60,44.23822992367427,3,3,5,deux_ans,0,0,1,0
71,32,84.17438856647996,3,0,9,un_an,0,1,0,0
68,67,71.8381004253094,5,2,9,mensuel,1,0,0,0
46,67,63.228419383606635,3,2,3,mensuel,1,0,0,0
31,28,67.61786975887591,2,2,7,un_an,0,1,0,0
57,44,39.26477410694527,3,1,6,mensuel,1,0,0,0
58,41,67.16001487893939,4,1,4,mensuel,1,0,0,0
39,63,62.16660429286792,2,0,5,mensuel,1,0,0,0
28,23,39.81134779124873,1,3,10,mensuel,1,0,0,0
40,48,51.57849146186912,1,1,2,mensuel,1,0,0,0
18,32,62.415094840949635,5,1,7,mensuel,1,0,0,0
63,57,52.854156301043176,5,4,4,mensuel,1,0,0,0
54,33,20.0,4,2,2,mensuel,1,0,0,0
38,24,86.52775079217733,1,6,6,mensuel,1,0,0,0
43,39,62.15820249820669,1,1,2,mensuel,1,0,0,0
63,34,20.0,1,1,10,un_an,0,1,0,0
53,56,107.6992587935879,1,2,2,un_an,0,1,0,0
71,28,89.82784662626378,3,2,7,mensuel,1,0,0,0
40,37,58.0203589786333,2,1,1,mensuel,1,0,0,0
74,7,48.15005017266598,2,2,7,mensuel,1,0,0,0
18,68,73.06382421521045,4,3,10,mensuel,1,0,0,0
71,37,69.04653629768282,3,2,5,mensuel,1,0,0,0
72,56,75.84179849600747,1,0,1,mensuel,1,0,0,0
68,65,48.20759453489903,1,1,6,un_an,0,1,0,0
57,65,86.95544041943266,5,1,7,un_an,0,1,0,0
32,47,55.53075753648901,5,1,1,mensuel,1,0,0,0
38,20,78.61531497311134,4,0,9,mensuel,1,0,0,0
64,19,49.061214790859516,1,1,7,un_an,0,1,0,0
26,29,117.96287971506973,4,2,1,mensuel,1,0,0,1
70,60,78.91046697930517,3,1,3,un_an,0,1,0,0
26,18,122.68464553147294,2,1,5,mensuel,1,0,0,0
27,35,81.55203952652093,1,1,4,un_an,0,1,0,0
69,43,53.77071286262632,3,2,2,deux_ans,0,0,1,0
74,11,81.58761587178392,1,0,1,deux_ans,0,0,1,0
70,49,83.01155636386433,5,0,4,mensuel,1,0,0,0
43,38,72.46648288995524,4,0,7,mensuel,1,0,0,0
58,64,77.60784944064113,5,2,4,mensuel,1,0,0,0
52,69,80.23454258815352,2,1,9,deux_ans,0,0,1,0
69,8,45.12637978468517,5,2,8,mensuel,1,0,0,0
42,34,43.702831905400956,1,0,8,mensuel,1,0,0,0
43,48,49.11566002771133,5,1,5,mensuel,1,0,0,1
28,56,67.5508478874102,1,2,1,mensuel,1,0,0,0
55,65,60.536576570531594,2,3,9,mensuel,1,0,0,0
19,31,45.48858868154103,5,3,2,un_an,0,1,0,1
24,4,80.50628421039293,4,2,6,mensuel,1,0,0,0
35,50,70.66089640272959,4,0,10,mensuel,1,0,0,0
44,69,68.37857982741708,4,1,5,deux_ans,0,0,1,0
51,30,59.84021389652129,5,3,10,un_an,0,1,0,0
44,59,57.43543795268854,5,2,8,un_an,0,1,0,0
34,67,48.17337676382047,5,0,3,mensuel,1,0,0,0
60,45,83.67480585074676,1,2,6,un_an,0,1,0,0
61,4,50.930142366936266,2,4,6,mensuel,1,0,0,0
68,26,69.18780933385634,4,3,10,mensuel,1,0,0,0
71,27,98.24020792544067,1,1,3,mensuel,1,0,0,0
41,46,58.35484510621299,4,3,7,mensuel,1,0,0,1
42,64,84.21404281438389,1,0,4,mensuel,1,0,0,0
24,51,76.37418032071346,5,3,5,deux_ans,0,0,1,0
69,50,71.22935126522107,4,1,9,mensuel,1,0,0,0
23,6,73.60696883809506,5,1,6,mensuel,1,0,0,0
70,59,63.10186861458139,4,4,10,mensuel,1,0,0,0
41,15,65.69551937586881,3,2,4,mensuel,1,0,0,1
50,30,54.03772103548551,1,5,8,un_an,0,1,0,1
66,42,65.82914242268178,3,3,9,mensuel,1,0,0,0
46,37,53.29548008433006,1,2,10,un_an,0,1,0,0
60,42,85.11310186153194,2,0,5,mensuel,1,0,0,0
39,35,31.01005142643112,4,2,2,un_an,0,1,0,0
43,6,74.62106582250965,2,2,6,un_an,0,1,0,1
45,68,71.7317340284456,2,1,8,deux_ans,0,0,1,0
67,18,69.92031928352067,1,3,5,un_an,0,1,0,0
38,29,85.48997897730973,3,1,1,un_an,0,1,0,0
66,59,59.27752819914105,5,0,8,mensuel,1,0,0,0
24,47,70.108676891441,1,3,9,mensuel,1,0,0,0
34,17,30.669162236270942,5,4,1,un_an,0,1,0,1
37,22,56.69366235729554,2,1,8,deux_ans,0,0,1,0
58,68,82.11472862350448,5,1,10,mensuel,1,0,0,1
66,69,38.21676528927036,3,3,2,mensuel,1,0,0,0
37,37,68.1948673410149,1,0,4,un_an,0,1,0,1
71,49,51.44965856232406,3,1,2,mensuel,1,0,0,0
39,13,62.7802605645653,3,5,2,mensuel,1,0,0,0
45,34,52.64645022476806,1,0,10,mensuel,1,0,0,0
57,53,40.05608791413139,3,2,3,un_an,0,1,0,0
66,51,72.72006629919602,4,0,8,deux_ans,0,0,1,0
24,3,64.00806475950507,4,1,4,mensuel,1,0,0,0
18,42,77.25258239374398,4,4,7,mensuel,1,0,0,0
49,32,80.88875815997721,5,4,10,mensuel,1,0,0,0
30,51,89.5051747417803,3,0,3,mensuel,1,0,0,0
47,46,67.6697349088533,1,7,10,un_an,0,1,0,0
40,21,90.37242049206417,1,2,3,mensuel,1,0,0,1
68,44,45.48450985218091,5,2,2,mensuel,1,0,0,0
73,11,83.17919658456262,1,1,6,un_an,0,1,0,1
36,68,74.18780832655708,4,3,6,un_an,0,1,0,0
49,1,69.66185305029575,3,0,1,mensuel,1,0,0,1
47,63,73.89464468326234,1,1,7,mensuel,1,0,0,0
46,24,45.785222433290755,1,0,4,deux_ans,0,0,1,0
66,13,41.06506380149955,2,1,3,mensuel,1,0,0,1
62,11,99.19656372153997,2,0,8,un_an,0,1,0,0
46,51,61.625556436054595,2,0,2,mensuel,1,0,0,0
47,17,61.34013156386599,3,0,9,un_an,0,1,0,0
33,24,42.95381051517417,4,3,8,un_an,0,1,0,1
57,19,35.36443389006326,4,1,8,un_an,0,1,0,0
36,37,63.23362242375436,4,2,3,deux_ans,0,0,1,0
35,8,58.16824156982544,3,1,4,deux_ans,0,0,1,0
18,28,65.03468713484902,3,1,2,un_an,0,1,0,0
31,5,66.7430788076435,2,1,2,mensuel,1,0,0,0
68,17,114.78922162521387,1,1,4,mensuel,1,0,0,1
64,36,58.22840038522091,5,1,6,un_an,0,1,0,0
67,19,96.59880215886893,5,5,5,un_an,0,1,0,0
19,64,97.84048430089891,1,0,1,mensuel,1,0,0,0
71,11,80.07248570543969,2,1,10,mensuel,1,0,0,0
45,54,60.297473349017764,1,1,1,un_an,0,1,0,0
66,45,37.770553277345414,1,2,6,mensuel,1,0,0,0
67,47,74.55887754667813,5,1,3,mensuel,1,0,0,0
47,12,85.37624159401888,2,1,3,un_an,0,1,0,0
55,21,99.95374928565968,3,3,7,un_an,0,1,0,0
68,11,46.00084091506436,5,1,1,mensuel,1,0,0,0
21,5,60.12947221629465,3,0,1,mensuel,1,0,0,0
18,56,46.12270819154306,2,1,10,mensuel,1,0,0,0
25,20,52.33044015126155,1,1,3,mensuel,1,0,0,1
46,41,78.28775068471253,4,3,8,un_an,0,1,0,0
72,46,51.413904612685286,4,1,1,mensuel,1,0,0,0
56,12,48.514576453659814,2,2,10,mensuel,1,0,0,0
20,70,80.93991727444549,4,2,4,mensuel,1,0,0,0
49,17,74.01477580087094,3,0,9,mensuel,1,0,0,1
27,19,72.00022395870349,4,2,4,deux_ans,0,0,1,0
27,26,51.94225283601868,2,0,10,mensuel,1,0,0,0
36,48,90.86046556429403,2,0,8,deux_ans,0,0,1,0
63,52,65.28980394639582,3,1,7,un_an,0,1,0,0
51,70,112.60380277509539,4,2,3,mensuel,1,0,0,0
50,55,68.22332338940089,4,3,7,un_an,0,1,0,0
40,33,20.0,1,2,7,mensuel,1,0,0,0
72,62,20.0,5,1,10,un_an,0,1,0,0
45,23,77.47899883690937,2,1,3,mensuel,1,0,0,0
49,15,91.00988304661611,1,2,2,un_an,0,1,0,0
67,27,49.32343740152301,2,0,9,mensuel,1,0,0,0
24,64,107.01957545554302,1,2,1,un_an,0,1,0,1
46,51,98.25997873988206,5,3,7,mensuel,1,0,0,0
25,53,69.21093526882296,1,2,4,deux_ans,0,0,1,0
18,51,75.78907884712262,2,2,2,mensuel,1,0,0,0
74,47,82.89060434777033,4,0,2,un_an,0,1,0,0
72,4,102.79989794641031,2,0,8,mensuel,1,0,0,1
20,7,78.64271933491162,3,2,7,mensuel,1,0,0,0
41,35,68.75863304542298,3,0,7,un_an,0,1,0,0
40,48,78.44602395173298,3,5,5,deux_ans,0,0,1,0
25,45,75.74720562898452,3,0,10,mensuel,1,0,0,0
71,19,83.48820374549987,5,0,8,deux_ans,0,0,1,0
74,63,33.59953413840927,4,2,2,un_an,0,1,0,0
64,38,71.3170689989491,4,2,2,un_an,0,1,0,0
54,67,74.20881015159472,2,0,5,mensuel,1,0,0,0
20,59,63.54305665895656,1,1,1,mensuel,1,0,0,0
68,69,80.68332888435117,2,2,6,deux_ans,0,0,1,0
50,13,103.42335241138082,2,2,4,mensuel,1,0,0,0
45,47,67.7643426220888,2,2,6,mensuel,1,0,0,1
64,61,78.8344216141538,2,1,7,mensuel,1,0,0,0
25,31,97.12529520903107,4,4,3,mensuel,1,0,0,0
51,22,68.23129011883711,1,4,8,un_an,0,1,0,0
52,43,47.23073595282382,2,0,7,un_an,0,1,0,0
49,67,77.31557698175848,4,1,1,un_an,0,1,0,0
41,54,20.96667726403848,2,0,6,mensuel,1,0,0,0
31,10,20.0,3,1,7,mensuel,1,0,0,0
49,42,71.66024094232516,2,2,4,mensuel,1,0,0,1
73,64,20.0,2,3,2,mensuel,1,0,0,0
63,21,38.696645151436186,5,0,10,deux_ans,0,0,1,0
60,66,57.39802872979355,3,1,9,un_an,0,1,0,0
33,41,50.57167300508227,1,4,7,mensuel,1,0,0,0
21,24,62.04386992905765,2,2,1,deux_ans,0,0,1,0
69,35,87.25740281536994,1,2,8,mensuel,1,0,0,0
54,56,69.76961622727862,3,4,3,un_an,0,1,0,0
71,30,48.21359196441082,2,1,4,mensuel,1,0,0,0
38,57,92.08882145568552,5,2,5,un_an,0,1,0,1
31,47,36.422855269116184,4,2,1,mensuel,1,0,0,0
48,35,69.437670175442,5,3,6,mensuel,1,0,0,0
72,19,34.198280499765914,5,0,10,mensuel,1,0,0,0
65,8,70.04635811461078,4,1,6,mensuel,1,0,0,0
35,26,58.62745192214805,4,1,2,mensuel,1,0,0,0
24,71,86.64475823052736,4,2,10,mensuel,1,0,0,1
27,30,79.4137894238846,2,0,6,mensuel,1,0,0,0
24,7,53.257213360166745,1,2,8,un_an,0,1,0,0
50,67,49.42120718367518,1,2,6,mensuel,1,0,0,0
40,65,58.69806533935781,4,1,4,un_an,0,1,0,0
38,36,102.51142920068679,5,2,4,mensuel,1,0,0,1
36,25,97.38136962216161,3,2,9,deux_ans,0,0,1,0
65,37,45.634636292626986,4,1,6,deux_ans,0,0,1,0
36,1,81.00450676002697,5,2,8,mensuel,1,0,0,0
53,15,30.371371422054686,5,1,8,un_an,0,1,0,0
46,37,56.0531507788527,2,2,7,mensuel,1,0,0,0
35,13,46.44871294275083,2,0,3,deux_ans,0,0,1,1
19,8,86.38558915144883,1,0,10,mensuel,1,0,0,0
18,5,39.185649604231756,1,0,1,mensuel,1,0,0,0
64,60,73.58700470844944,3,0,5,mensuel,1,0,0,0
22,1,65.01420243131928,3,1,10,mensuel,1,0,0,0
37,36,61.49102340540979,3,3,10,mensuel,1,0,0,0
28,35,98.43165901488796,3,1,2,un_an,0,1,0,0
59,66,100.19394384668622,5,2,10,mensuel,1,0,0,0
19,63,62.11214363094057,5,0,2,mensuel,1,0,0,0
20,23,58.08167398800012,1,1,7,mensuel,1,0,0,1
40,9,34.86253362393666,2,2,3,mensuel,1,0,0,0
72,34,64.9148202552158,2,0,8,mensuel,1,0,0,0
29,46,104.06606511491981,4,2,9,un_an,0,1,0,0
37,4,62.425293209441534,5,2,8,mensuel,1,0,0,0
22,30,79.5751856628756,3,0,6,un_an,0,1,0,0
54,3,37.050053521614714,3,1,5,mensuel,1,0,0,0
55,14,56.30450140532797,4,2,3,mensuel,1,0,0,1
47,60,74.24930611605302,2,3,3,un_an,0,1,0,0
26,45,67.11724796096105,3,2,7,mensuel,1,0,0,0
51,34,81.49334668821123,2,1,5,mensuel,1,0,0,0
70,45,52.94656230882673,4,0,6,un_an,0,1,0,0
61,61,30.000229023526693,2,0,6,mensuel,1,0,0,0
52,16,87.4418046064454,2,2,9,mensuel,1,0,0,0
69,66,46.27701421458183,2,1,1,un_an,0,1,0,0
39,40,75.13208055003967,3,1,8,un_an,0,1,0,0
61,17,74.0171373297683,1,1,10,mensuel,1,0,0,1
41,34,31.724936099360164,5,1,5,mensuel,1,0,0,0
34,16,85.98250834480051,2,1,6,mensuel,1,0,0,0
27,60,53.66865610942062,2,0,6,mensuel,1,0,0,0
47,66,66.10109243973923,2,3,1,un_an,0,1,0,0
73,66,57.83634872068887,1,2,3,deux_ans,0,0,1,0
63,13,97.45183004465818,4,2,6,deux_ans,0,0,1,0
40,56,91.86980416368125,3,1,9,mensuel,1,0,0,0
49,31,28.75330832458556,1,0,6,mensuel,1,0,0,1
34,34,110.17654243816378,2,2,6,un_an,0,1,0,0
67,39,51.43386534969608,1,2,1,mensuel,1,0,0,0
68,67,107.04873353963677,1,2,9,un_an,0,1,0,0
34,8,59.87580855720031,1,3,4,un_an,0,1,0,0
31,55,58.1816658781613,4,3,2,deux_ans,0,0,1,0
26,27,60.05344533844355,5,1,1,mensuel,1,0,0,0
57,53,56.9842071004102,3,0,3,mensuel,1,0,0,0
19,39,115.48793075646444,4,0,3,un_an,0,1,0,0
62,65,63.472736013587316,4,4,5,un_an,0,1,0,1
42,17,58.95407134922621,5,2,1,deux_ans,0,0,1,1
56,30,66.54021514985888,4,2,7,mensuel,1,0,0,1
26,53,45.6532960615059,1,2,1,un_an,0,1,0,0
71,13,96.94241068580502,1,1,4,un_an,0,1,0,0
39,21,35.578383286137374,2,0,6,mensuel,1,0,0,0
60,19,52.7198278585719,4,4,1,mensuel,1,0,0,0
63,53,83.73320619693584,2,3,7,un_an,0,1,0,0
21,19,65.84704261534864,3,4,10,mensuel,1,0,0,0
43,57,75.98430365000092,1,2,7,mensuel,1,0,0,0
46,25,95.66328233370861,3,2,3,un_an,0,1,0,0
62,31,85.0760309666496,5,1,4,mensuel,1,0,0,0
51,55,67.74952690282291,1,2,6,deux_ans,0,0,1,0
40,23,106.78685299703596,3,1,7,mensuel,1,0,0,0
54,32,52.43327702407534,5,4,4,mensuel,1,0,0,1
28,62,62.99380718014894,3,2,10,deux_ans,0,0,1,0
23,10,64.39119336994467,5,4,9,deux_ans,0,0,1,1
35,54,62.95156467966041,5,1,9,mensuel,1,0,0,0
38,52,43.615786860776794,1,1,9,un_an,0,1,0,0
59,20,33.327003496790034,2,0,10,mensuel,1,0,0,0
53,32,73.34403148758388,5,0,6,mensuel,1,0,0,0
58,14,52.33052428898686,5,0,2,mensuel,1,0,0,1
55,50,103.1561757796256,1,3,2,mensuel,1,0,0,0
51,28,63.54915353529521,2,2,4,un_an,0,1,0,0
34,53,59.970214850170194,4,2,9,un_an,0,1,0,0
54,24,86.88679572805309,4,2,3,deux_ans,0,0,1,0
42,22,73.04385274895444,2,0,6,un_an,0,1,0,0
55,30,61.489651444259025,3,0,2,mensuel,1,0,0,1
29,63,52.18536504471113,1,1,1,un_an,0,1,0,0
40,4,130.0,2,1,5,deux_ans,0,0,1,1
70,59,72.23571524523477,4,2,8,un_an,0,1,0,0
59,8,86.68859154768792,5,1,10,un_an,0,1,0,0
39,12,44.54108959533009,4,1,10,deux_ans,0,0,1,0
38,31,53.4402922715265,5,0,2,mensuel,1,0,0,0
44,34,107.24691776580576,1,3,10,un_an,0,1,0,0
74,49,92.9386187871127,5,2,9,deux_ans,0,0,1,0
48,57,74.15244207466566,2,3,8,deux_ans,0,0,1,0
23,26,57.36858216405953,5,2,3,mensuel,1,0,0,0
44,18,60.31928456086848,3,1,1,mensuel,1,0,0,0
57,38,51.47778529487742,2,1,4,un_an,0,1,0,0
51,50,41.86301339722718,1,3,8,mensuel,1,0,0,0
29,8,83.47688368522029,2,3,3,un_an,0,1,0,0
62,41,75.77662445584117,3,0,10,mensuel,1,0,0,0
74,6,79.72157632684547,1,2,2,mensuel,1,0,0,1
70,69,58.262040240754715,4,2,7,mensuel,1,0,0,0
24,44,70.11277950266327,3,0,4,mensuel,1,0,0,0
27,64,56.35912470051731,1,2,6,mensuel,1,0,0,0
62,29,50.453838744593874,5,3,5,mensuel,1,0,0,0
34,28,98.34124872284352,2,1,2,mensuel,1,0,0,0
43,11,67.43014593681485,1,2,10,mensuel,1,0,0,0
38,65,75.1490867657308,2,3,2,mensuel,1,0,0,0
45,19,81.71508027715002,5,2,9,mensuel,1,0,0,1
63,9,67.68081772466049,1,1,10,un_an,0,1,0,1
19,27,69.81265488050309,4,1,2,un_an,0,1,0,0
71,34,43.267496460925855,3,2,8,mensuel,1,0,0,0
60,44,47.07769943126829,1,3,8,mensuel,1,0,0,0
18,68,46.04370489743107,5,1,1,un_an,0,1,0,0
68,15,77.1091683364107,1,2,1,mensuel,1,0,0,1
70,51,66.4178130564413,2,2,4,deux_ans,0,0,1,0
53,13,47.07936872468824,1,2,2,un_an,0,1,0,0
68,49,76.60197683270414,4,3,1,mensuel,1,0,0,0
43,70,75.86912921908213,1,2,9,mensuel,1,0,0,0
46,56,51.10068017401271,3,2,3,mensuel,1,0,0,0
38,51,64.44344910741452,1,1,1,mensuel,1,0,0,0
28,37,75.94283350120953,2,0,2,mensuel,1,0,0,1
57,17,47.83289291761153,1,0,8,mensuel,1,0,0,0
28,58,76.32453529791901,4,1,5,un_an,0,1,0,0
53,29,71.02047208327123,5,5,7,mensuel,1,0,0,0
66,33,45.016005889979475,1,3,6,mensuel,1,0,0,1
56,60,69.39593469996204,1,4,1,un_an,0,1,0,0
57,55,72.31297173311809,3,1,6,mensuel,1,0,0,0
52,10,52.47997747722402,4,1,7,mensuel,1,0,0,0
71,47,54.05432700267582,5,2,4,mensuel,1,0,0,0
51,23,44.8316013813762,2,0,8,un_an,0,1,0,0
72,21,56.02002061752212,1,1,8,deux_ans,0,0,1,0
64,13,64.75835979125705,5,1,7,mensuel,1,0,0,0
41,33,54.10955682611359,2,1,2,mensuel,1,0,0,0
71,24,35.302242035122255,4,1,6,mensuel,1,0,0,0
39,11,51.22823950726746,4,2,6,mensuel,1,0,0,0
22,17,56.654157863759956,5,3,7,mensuel,1,0,0,0
73,68,81.33677419264504,2,0,6,un_an,0,1,0,0
50,47,76.89529829553861,4,1,2,deux_ans,0,0,1,1
53,25,81.72442157750004,5,2,8,mensuel,1,0,0,1
64,21,50.21962206002064,4,1,4,mensuel,1,0,0,0
37,12,67.83101558158687,4,2,9,un_an,0,1,0,0
36,37,20.0,4,1,8,mensuel,1,0,0,0
52,42,73.57840796361977,3,3,3,mensuel,1,0,0,0
69,17,77.21795347801594,2,3,3,mensuel,1,0,0,0
60,48,57.96749664278152,5,2,8,mensuel,1,0,0,0
34,28,70.90859623443563,5,0,2,mensuel,1,0,0,0
62,41,34.701514492598946,2,1,9,un_an,0,1,0,0
60,47,48.97866019200352,2,3,4,un_an,0,1,0,0
51,18,80.30898476864552,2,1,6,mensuel,1,0,0,0
26,71,75.22506557079149,2,1,3,mensuel,1,0,0,0
43,13,56.762909779104646,1,1,3,deux_ans,0,0,1,0
19,13,81.22724634809421,5,2,3,mensuel,1,0,0,0
70,31,67.76596233599822,1,2,10,deux_ans,0,0,1,0
26,2,54.91558072155681,4,3,2,mensuel,1,0,0,0
26,16,61.34345378793412,4,1,8,mensuel,1,0,0,1
57,9,55.89164617376929,5,2,9,mensuel,1,0,0,0
34,38,41.32448098362944,4,1,8,deux_ans,0,0,1,0
18,54,90.13371611804203,2,2,10,mensuel,1,0,0,0
42,56,53.63951133414818,1,2,3,mensuel,1,0,0,0
60,45,48.352785714061774,2,2,7,mensuel,1,0,0,1
57,34,34.41303358973282,4,0,10,deux_ans,0,0,1,0
59,9,20.0,1,1,2,deux_ans,0,0,1,0
42,8,79.02993736237974,2,0,4,deux_ans,0,0,1,1
56,7,80.87217374072424,5,1,6,deux_ans,0,0,1,0
52,36,88.86077169189417,2,3,5,mensuel,1,0,0,0
20,18,62.01921367659636,4,2,9,mensuel,1,0,0,0
67,3,58.560149454128094,1,1,10,mensuel,1,0,0,0
54,28,54.84553773393718,5,2,4,mensuel,1,0,0,0
61,70,56.668847403235944,1,2,5,un_an,0,1,0,0
61,44,87.39580701480375,5,2,4,deux_ans,0,0,1,0
68,21,64.46969502542083,1,0,8,mensuel,1,0,0,0
47,28,72.56141592002805,4,1,8,un_an,0,1,0,0
55,54,56.15986336079193,5,1,3,deux_ans,0,0,1,1
51,54,91.41695812441415,3,1,1,mensuel,1,0,0,1
29,65,26.905222411305218,1,1,6,mensuel,1,0,0,0
36,21,40.58951650563908,1,0,2,mensuel,1,0,0,0
54,13,72.59421048469116,2,0,2,mensuel,1,0,0,0
61,57,100.01221502461871,5,1,3,un_an,0,1,0,0
66,49,60.49799600482459,3,1,8,mensuel,1,0,0,0
34,54,48.152583885453126,4,0,3,mensuel,1,0,0,0
27,10,85.01325410316687,2,3,7,deux_ans,0,0,1,0
74,53,71.473968840298,3,2,10,mensuel,1,0,0,0
72,44,90.80427623988489,5,2,10,mensuel,1,0,0,0
66,47,39.192978305113165,3,1,9,deux_ans,0,0,1,0
64,53,89.23336972021852,1,0,8,mensuel,1,0,0,0
29,46,34.030850864634566,1,2,1,mensuel,1,0,0,0
33,13,59.236557076902656,2,0,7,un_an,0,1,0,0
41,37,73.25565505647853,5,1,7,mensuel,1,0,0,0
36,24,68.72026756398188,5,1,8,un_an,0,1,0,0
25,2,86.21184671964734,3,2,10,mensuel,1,0,0,0
48,14,28.46679965981553,2,1,5,mensuel,1,0,0,0
38,10,67.82014959398073,5,0,10,mensuel,1,0,0,0
34,35,88.99284065567895,1,2,9,mensuel,1,0,0,0
40,25,66.18588454144194,3,0,9,un_an,0,1,0,0
54,3,42.15320640466595,4,2,8,un_an,0,1,0,0
71,17,85.15014789653306,1,2,6,deux_ans,0,0,1,0
33,12,52.03379459712609,2,0,6,un_an,0,1,0,0
23,54,48.51353975874243,5,2,1,mensuel,1,0,0,1
25,24,45.997284942329856,1,1,6,un_an,0,1,0,1
42,29,61.02629774102075,4,1,4,un_an,0,1,0,0
35,43,68.66120440745742,4,0,4,un_an,0,1,0,0
42,25,39.61799890593841,2,4,2,un_an,0,1,0,0
29,60,43.72708246540112,1,2,4,un_an,0,1,0,0
32,65,51.11034248275564,3,3,5,mensuel,1,0,0,0
43,28,45.90022704226719,1,2,5,un_an,0,1,0,0
58,16,65.7351645309886,4,3,5,mensuel,1,0,0,0
62,47,72.22443192801761,2,2,4,mensuel,1,0,0,0
43,58,69.47747620533185,2,0,1,un_an,0,1,0,0
64,27,69.50663777495605,3,2,10,mensuel,1,0,0,0
49,53,98.41983430577221,2,1,8,mensuel,1,0,0,0
27,42,73.4736719925431,2,1,3,mensuel,1,0,0,0
33,59,80.67928495778494,2,3,2,un_an,0,1,0,0
24,47,56.707685004460544,2,0,9,mensuel,1,0,0,0
34,34,83.88012285322982,2,3,7,un_an,0,1,0,0
40,37,55.75294952413356,4,2,9,mensuel,1,0,0,0
43,6,73.2289665517718,1,1,2,mensuel,1,0,0,1
38,7,37.57266263635235,5,2,9,mensuel,1,0,0,0
39,25,68.32468263976243,2,2,10,un_an,0,1,0,0
24,33,45.49239529661325,5,2,9,mensuel,1,0,0,1
31,55,83.72071308967816,5,0,9,deux_ans,0,0,1,0
32,58,82.51752923997569,4,1,10,deux_ans,0,0,1,0
70,7,55.667452248818144,2,0,10,un_an,0,1,0,0
24,57,105.9914985724908,5,1,4,deux_ans,0,0,1,0
26,12,59.2824340761305,2,3,10,mensuel,1,0,0,0
68,16,32.759621986549455,3,1,3,mensuel,1,0,0,1
65,43,49.417640592746395,3,3,6,un_an,0,1,0,0
25,7,44.117179552842984,3,0,3,un_an,0,1,0,1
67,51,72.59204203572509,5,1,9,deux_ans,0,0,1,0
40,32,40.292739466550955,3,1,3,un_an,0,1,0,0
46,8,54.21571968387509,4,4,2,deux_ans,0,0,1,1
35,45,71.2910434107354,4,4,8,mensuel,1,0,0,0
48,59,67.77291789423606,5,1,6,un_an,0,1,0,0
47,4,64.74712375316442,2,1,8,un_an,0,1,0,0
69,67,67.52001038088135,1,3,7,un_an,0,1,0,0
56,29,57.58999804984691,2,1,3,mensuel,1,0,0,0
52,29,32.92495888667339,2,1,8,un_an,0,1,0,0
35,28,57.0632355851071,2,2,10,deux_ans,0,0,1,0
59,44,74.37499568630571,2,1,1,mensuel,1,0,0,0
56,4,62.261300227811915,1,2,1,un_an,0,1,0,0
34,9,72.82976746261002,3,0,10,mensuel,1,0,0,1
31,5,53.26433940981029,2,1,8,deux_ans,0,0,1,0
48,56,84.88672159755858,4,1,9,mensuel,1,0,0,0
41,50,20.0,5,0,10,mensuel,1,0,0,0
52,15,67.82881025846709,5,1,6,mensuel,1,0,0,1
61,32,91.97760694242557,4,1,5,un_an,0,1,0,0
62,28,94.95397032082926,2,0,2,mensuel,1,0,0,1
51,22,60.363476615150496,1,3,9,un_an,0,1,0,0
20,17,38.476036887142314,3,2,6,deux_ans,0,0,1,1
54,59,92.32945684686717,5,2,8,deux_ans,0,0,1,0
60,71,63.962696663888785,3,2,9,mensuel,1,0,0,0
57,57,61.820609214602385,1,1,9,deux_ans,0,0,1,0
43,26,47.142907182445384,5,2,8,un_an,0,1,0,0
72,25,40.00225038283485,3,2,10,mensuel,1,0,0,0
40,10,76.27726337848708,1,3,8,mensuel,1,0,0,1
61,45,78.39742909517321,3,1,3,mensuel,1,0,0,0
56,11,69.03088003598843,2,3,3,un_an,0,1,0,0
32,53,49.719084368123134,1,1,2,mensuel,1,0,0,1
73,68,43.700023497817,3,2,1,mensuel,1,0,0,0
66,28,36.35502689560214,2,1,4,un_an,0,1,0,0
21,65,53.78909647844054,2,0,2,un_an,0,1,0,0
46,49,44.88292870502072,1,2,2,un_an,0,1,0,0
39,47,30.813806094179093,4,2,5,un_an,0,1,0,0
42,52,78.02690024706096,5,0,4,mensuel,1,0,0,0
30,54,38.61872277030066,1,3,1,deux_ans,0,0,1,0
35,60,84.67845362861468,2,0,9,mensuel,1,0,0,0
50,57,72.88143420226928,2,0,4,un_an,0,1,0,0
33,47,70.88682375236797,1,2,5,un_an,0,1,0,0
62,31,98.30618092120183,4,4,7,mensuel,1,0,0,0
59,46,39.28394731870951,5,1,2,deux_ans,0,0,1,0
61,26,82.47543992097592,3,3,8,mensuel,1,0,0,0
19,5,59.04714853957141,1,3,2,mensuel,1,0,0,0
72,52,116.4214031325908,5,2,10,deux_ans,0,0,1,0
52,54,57.38411137721581,5,1,5,un_an,0,1,0,0
59,33,54.153833277487635,2,3,2,un_an,0,1,0,0
51,50,73.51071549714533,3,4,2,mensuel,1,0,0,0
47,38,60.821829355827205,1,2,4,un_an,0,1,0,0
72,27,49.83074075400262,2,2,4,mensuel,1,0,0,0
30,15,45.594464321283255,2,3,8,mensuel,1,0,0,0
30,61,94.16408976774807,4,0,6,mensuel,1,0,0,0
35,21,41.730767362000165,5,1,10,mensuel,1,0,0,0
49,46,69.46175120760999,1,1,8,un_an,0,1,0,0
49,69,86.1236827925219,1,1,7,mensuel,1,0,0,0
52,6,87.08989970885267,1,2,10,mensuel,1,0,0,0
56,38,52.966951956371204,2,4,4,mensuel,1,0,0,0
63,62,60.87630398748475,4,2,2,un_an,0,1,0,0
69,62,56.99612997971255,3,2,9,un_an,0,1,0,0
46,46,34.299624746682504,2,0,2,mensuel,1,0,0,0
66,13,75.7503476604023,3,4,1,un_an,0,1,0,0
46,3,65.77007291269618,4,2,8,mensuel,1,0,0,0
70,6,93.81170161203758,5,1,10,un_an,0,1,0,0
61,8,48.53589805397154,1,0,9,mensuel,1,0,0,0
74,44,86.77393117235391,3,2,1,mensuel,1,0,0,1
33,33,88.1846830056841,2,4,7,un_an,0,1,0,0
73,50,65.94143373615775,3,0,2,deux_ans,0,0,1,1
61,11,21.58276858332662,5,0,6,mensuel,1,0,0,1
64,28,54.748646851114195,1,2,5,un_an,0,1,0,0
74,70,100.71742248608234,3,0,1,un_an,0,1,0,0
27,41,70.94111542983819,5,1,2,deux_ans,0,0,1,0
47,16,78.86799411743772,2,2,2,mensuel,1,0,0,1
42,68,63.216668367300635,4,1,10,mensuel,1,0,0,0
56,48,60.53114180273743,2,1,10,deux_ans,0,0,1,0
37,56,27.653108626009875,1,0,6,mensuel,1,0,0,0
22,64,80.89478434110615,2,0,1,mensuel,1,0,0,1
18,59,86.59362409444753,2,0,4,mensuel,1,0,0,0
47,62,45.982754290666236,2,0,10,un_an,0,1,0,0
66,11,61.42289756983385,2,2,5,mensuel,1,0,0,0
20,18,58.72517445291419,1,5,2,deux_ans,0,0,1,0
62,19,73.40306587972572,5,2,2,mensuel,1,0,0,0
31,55,54.1127283698181,3,1,7,mensuel,1,0,0,0
73,26,83.62681846366004,4,4,7,mensuel,1,0,0,0
47,6,66.42648632248978,3,0,6,mensuel,1,0,0,0
67,4,20.0,3,1,1,un_an,0,1,0,0
21,29,73.85440550385286,4,0,3,un_an,0,1,0,0
35,59,84.92701975181569,1,2,9,mensuel,1,0,0,0
54,17,41.958766794701226,4,0,10,mensuel,1,0,0,0
42,43,73.17453869949148,1,0,1,un_an,0,1,0,0
65,66,101.5991933950842,3,4,2,un_an,0,1,0,0
18,34,67.24132750356478,1,3,8,un_an,0,1,0,1
70,8,87.83257728658978,5,2,7,un_an,0,1,0,0
63,13,56.1569005952696,4,3,9,mensuel,1,0,0,0
32,8,64.64071423085687,5,1,10,deux_ans,0,0,1,0
26,65,60.90757424147309,3,1,4,mensuel,1,0,0,0
32,43,57.25759147304887,4,0,4,mensuel,1,0,0,1
66,39,62.04555909833847,3,0,7,un_an,0,1,0,0
74,59,32.38636438151365,5,1,1,deux_ans,0,0,1,0
41,44,58.38239731233407,3,1,10,un_an,0,1,0,1
21,9,91.7561291085357,4,0,9,mensuel,1,0,0,0
29,37,45.72619886296333,4,1,2,mensuel,1,0,0,0
54,36,43.67733457053379,3,2,1,mensuel,1,0,0,0
54,28,66.2242474278951,4,0,7,deux_ans,0,0,1,0
60,42,67.2236628671449,4,2,6,mensuel,1,0,0,0
23,43,72.54929438107972,3,1,3,un_an,0,1,0,0
56,42,62.72522853630722,5,2,1,mensuel,1,0,0,0
73,66,66.43728328916667,4,1,5,un_an,0,1,0,0
63,55,57.98230452742001,4,2,10,deux_ans,0,0,1,0
41,48,39.484076894000715,4,0,4,mensuel,1,0,0,0
28,22,63.57216263378698,4,1,5,mensuel,1,0,0,1
30,27,79.49193992884928,3,1,1,un_an,0,1,0,1
51,67,75.30109252704668,5,4,1,mensuel,1,0,0,0
42,13,30.115157461214253,5,1,5,un_an,0,1,0,0
24,45,70.03850726618165,1,2,6,un_an,0,1,0,0
69,10,47.144609482856616,4,1,5,mensuel,1,0,0,0
21,9,92.84328010442763,4,1,2,un_an,0,1,0,1
25,54,71.5253956585676,1,1,9,mensuel,1,0,0,0
37,27,82.92567920261213,5,3,5,deux_ans,0,0,1,0
46,34,65.42336288829719,2,1,5,mensuel,1,0,0,0
71,1,63.678900022050456,2,1,10,un_an,0,1,0,0
70,32,94.91689835306494,5,0,9,mensuel,1,0,0,0
68,71,84.45548793250032,4,1,3,mensuel,1,0,0,1
62,67,67.35717304495095,2,1,5,mensuel,1,0,0,0
63,20,61.00667147725204,3,2,5,un_an,0,1,0,1
27,35,30.856505489382606,3,2,2,un_an,0,1,0,0
60,17,71.4913506974828,1,1,4,deux_ans,0,0,1,0
51,18,62.477920613605704,5,3,2,mensuel,1,0,0,0
74,45,76.07912094164553,5,0,5,un_an,0,1,0,0
43,53,82.15637683069573,2,0,10,un_an,0,1,0,0
58,68,89.65842190094494,4,1,2,mensuel,1,0,0,0
66,65,71.73985821788808,5,3,10,mensuel,1,0,0,0
20,1,44.07279069743589,2,1,9,mensuel,1,0,0,0
73,58,22.013728981637335,2,4,10,mensuel,1,0,0,0
23,26,48.506002792864166,5,0,6,mensuel,1,0,0,1
22,20,91.66976999010136,2,1,8,un_an,0,1,0,0
22,10,101.46982938598882,1,2,9,mensuel,1,0,0,0
71,59,60.24198496461649,1,0,8,un_an,0,1,0,0
64,41,35.78081491435297,5,0,5,deux_ans,0,0,1,0
40,5,52.0317284999432,4,0,5,un_an,0,1,0,0
66,65,87.75611645395742,1,0,6,un_an,0,1,0,0
26,17,53.17973652945787,1,0,1,mensuel,1,0,0,1
52,22,76.78247895335028,5,1,8,deux_ans,0,0,1,0
37,41,68.3711660259607,3,2,2,mensuel,1,0,0,0
66,68,79.20006518074108,2,3,6,un_an,0,1,0,1
59,69,101.36021997894076,1,3,9,deux_ans,0,0,1,0
52,11,76.79562951068677,3,3,3,un_an,0,1,0,0
67,56,67.93832553275858,4,2,2,un_an,0,1,0,0
35,51,103.56747131617838,3,1,10,mensuel,1,0,0,0
34,21,71.99104203250123,5,2,5,mensuel,1,0,0,0
41,26,49.14105005336799,4,1,9,un_an,0,1,0,0
20,19,78.74930579538972,4,1,6,mensuel,1,0,0,0
49,60,73.94911084265941,3,1,8,un_an,0,1,0,0
52,71,58.841953154588005,5,2,8,mensuel,1,0,0,0
55,47,54.64827895067453,1,1,7,deux_ans,0,0,1,0
30,71,59.03481025370184,3,0,5,mensuel,1,0,0,0
73,26,54.36221284996486,1,0,2,mensuel,1,0,0,0
64,40,59.68480362574216,3,2,10,un_an,0,1,0,0
42,5,48.14406795516277,1,0,10,mensuel,1,0,0,0
26,21,72.72309376319632,3,1,5,mensuel,1,0,0,1
21,4,71.22402627917639,4,1,7,mensuel,1,0,0,1
31,23,71.90403554458938,2,2,7,mensuel,1,0,0,0
54,15,63.75261321126692,4,3,2,mensuel,1,0,0,0
51,8,61.446734879498756,1,1,7,mensuel,1,0,0,0
28,41,93.8401159530703,5,1,6,un_an,0,1,0,0
58,19,66.34811773675605,4,0,7,mensuel,1,0,0,0
73,46,90.27533692110953,2,4,8,deux_ans,0,0,1,0
20,28,45.07168033667373,1,0,4,mensuel,1,0,0,1
45,68,76.78355668402757,4,2,1,mensuel,1,0,0,0
46,15,50.30593926679968,3,0,8,mensuel,1,0,0,0
26,37,53.876961434133314,5,0,8,deux_ans,0,0,1,0
20,1,56.76188320144897,1,4,3,mensuel,1,0,0,0
42,67,55.50802062792443,4,4,3,un_an,0,1,0,0
51,24,55.60790687036298,1,4,5,mensuel,1,0,0,0
29,27,89.3455017978113,3,1,3,mensuel,1,0,0,1
59,40,65.9082234623528,2,3,5,un_an,0,1,0,0
26,63,69.50110778419219,4,3,8,mensuel,1,0,0,0
32,61,55.85680072897101,1,0,1,mensuel,1,0,0,0
57,36,82.13878607436217,1,0,2,un_an,0,1,0,0
42,24,72.10112556477839,1,3,2,un_an,0,1,0,0
22,24,58.821427113005235,2,1,4,deux_ans,0,0,1,0
28,4,33.31432214746714,1,4,9,un_an,0,1,0,0
51,67,69.32592916803742,5,2,2,un_an,0,1,0,0
41,34,76.51359045070916,5,0,9,un_an,0,1,0,0
32,57,45.42304323353307,1,0,7,mensuel,1,0,0,0
55,49,59.092107626016755,5,1,10,un_an,0,1,0,0
25,53,75.74321002921911,4,1,8,un_an,0,1,0,0
22,23,33.58143885756465,5,1,1,mensuel,1,0,0,1
65,69,52.022956331802206,1,1,5,mensuel,1,0,0,0
43,53,72.53817883252803,3,0,9,mensuel,1,0,0,0
35,62,87.1003687770322,4,1,4,un_an,0,1,0,0
23,41,108.71559624542334,2,1,2,mensuel,1,0,0,0
54,57,104.1730953673418,1,2,6,deux_ans,0,0,1,0
65,60,67.87538964632019,2,0,2,mensuel,1,0,0,0
30,54,55.315462370360954,3,3,3,un_an,0,1,0,0
45,70,83.46244535541771,2,3,8,mensuel,1,0,0,0
22,57,54.12814152552686,1,0,3,un_an,0,1,0,1
30,10,49.75809430108697,1,2,2,un_an,0,1,0,1
34,40,58.89467895269799,3,5,6,un_an,0,1,0,1
67,7,56.386533996457864,1,2,3,un_an,0,1,0,0
57,38,73.25261246131751,3,0,1,deux_ans,0,0,1,0
62,61,52.95196755731278,3,3,3,mensuel,1,0,0,0
